STATE,POSTCODE,FIPS,STEMERG,STEMERGEND,CLSCHOOL,CLDAYCR,OPNCLDCR,CLNURSHM,STAYHOME,STAYHOMENOGP,END_STHM,CLBSNS,CURFEW,END_BSNS,RELIGEX,FM_ALL,FM_ALL2,FMFINE,FMCITE,FMNOENF,FM_EMP,FM_END,FM_STP,ALCOPEN,ALCREST,ALCDELIV,GUNOPEN,CLREST,ENDREST,RSTOUTDR,CLGYM,ENDGYM,CLMOVIE,END_MOV,CLOSEBAR,END_BRS,END_HAIR,END_RELG,ENDRETL,CURFEWEND,BCLBAR2,CLBAR2,CLMV2,CLHAIR2,CLGYM2,CLRST2,ENDREST2,END_BRS2,END_CLGYM2,END_CLMV2,CLBAR3,CLRST3,END_CLRST3,QRSOMEST,QR_ALLST,QR_END,VAC_PLAN,VAC_HCW,VAC_HCS,VAC_HHC,VAC_AHC,VAC_LTC,VAC_EMS,VAC_FF,VAC_LAW,VAC_CORR,VAC_INC,VAC_SHELTER,VAC_75,VAC_65,VAC_HR,VAC_K12,VAC_HIGHED,VAC_PT,VAC_FOOD,VAC_GROCERY,VAC_ESSWORK,VAC_ADDWORK,VAC_PUB,AGEPRIORITY,PROOFWORK,PROOFAGE,PROOFRES,PENALTY,EXPANDADMIN,EMSTART,EMEND,EMSTART2,EMEND2,EMSTART3,EMEND3,FREEZEINIT,LIFTINIT,FREEZEINIT2,LIFTINIT2,COURTCLOSE,COURTOPEN,COURTCLOSE2,COURTOPEN2,FREEZEENF,LIFTENF,FREEZEENF2,LIFTENF2,C19START,C19END,C19START2,C19END2,CARESSTART,CARESEND,CDCSTART,CDCEND,SMSTART,SMEND,SMSTART2,URSTART,UREND,SNAPALLO,SNAPEBT20,SNAPEBT21,SNAPSUSP,SNAPTLW,MED1135W,ACAENROL,PREVTLHL,TLHLAUD,TLHLMED,CHIPLKOT,LKOTSUS,TEST,CASE,HOSP,DEATH,VACCINE,TESTAIAN,CASEAIAN,HOSPAIAN,DEATHAIAN,VACCINEAIAN,VISITPER,VISITATT,VISITRES,NOCOPAY,NOPAYCOV,NOPAYALL,YESCOPAY,ELECPRCR,ENDELECP,ELECNOSTART,ELECPRCR2,ENDELECP2,WTPRD,WV_WTPRD,REI_WTPRD,WV_WKSR,REI_WKSR,UIQUAR,UIHIRISK,UICLDCR,UIEXTND,UIMAXAMT,UIMAXEXT,UIMAXDUR,UIMAXCAR,EBSTART,EBEND,TUR,TURPRIOR,TURPRIOR2,20EBSTART,20EBEND,UIMINBP,UIQTRNEED,UIOUTHQBP,UIREQBPL2Q,UIBPEARN300,UITAXWA,UIMINTAXR,UIMAXTAXR,UIAVGBFTAUG,LMABRN,TLHlBUPR,EXTOPFL,HMDLVOP,TLHLCL24,EXCEMORP,WVDEAREQ,PDSKLV,MEDEXP,POPDEN18,POP18,SQML,HMLS19,UNEMP18,POV18,RISKCOV,DEATH18,MH19,CASSTATE,AIANRESN,VBMEXC,VBMSIG,VBMPERM,VBMAUTOBAL,VBMAUTOAP,VBMGENELEC,CASCLOSE,CASOPEN,CASCLOSE2,CASOPEN2,CASTRIBCAS,MINWAGE2019,MINWAGEJAN2020,MINWAGEJUL2020,MINWAGESEP2020,MINWAGEOCT2020,TIPMINWAGE2020,MINWAGE2021,SMALLBUSMINWAGE
State,State Abbreviation,FIPS Code,State of emergency issued,State of emergency expired,Date closed K-12 public schools,Closed day cares,Reopen day cares,Date banned visitors to nursing homes,Stay at home/ shelter in place,Stay at home order' issued but did not specifically restrict movement of the general public,End/relax stay at home/shelter in place,Closed other non-essential businesses,Closed businesses overnight,Began to reopen businesses,Religious gatherings exempt without clear social distance mandate*,Mandate face mask use by all individuals in public spaces,Second mandate for facemasks by all individuals in public places,Face mask mandate enforced by fines,Face mask mandate enforced by criminal charge/citation,No legal enforcement of face mask mandate,Mandated face mask use by employees in public-facing businesses,Ended statewide mask use by individuals in public spaces,Attempted to prevent local governments from implementing face mask orders,Alcohol/Liquor Stores Open,Allow restaurants to sell takeout alcohol,Allow restaurants to deliver alcohol,Keep Firearms Sellers Open,Closed restaurants except take out,Reopen restaurants,Initially reopen restaurants for outdoor dining only,Closed gyms,Reopened gyms,Closed movie theaters,Reopened movie theaters,Closed Bars,Reopen bars,Reopened hair salons/barber shops,Reopen Religious Gatherings,Reopen other non-essential retail,Allowed businesses to reopen overnight,Begin to Re-Close Bars,Re-Close Bars (statewide),Re-Close Movie Theaters (statewide),Re-close hair salons and barber shops (statewide),Re-Close Gyms (statewide),Re-Close Indoor Dining (Statewide),Re-open indoor dining statewide (x2),Re-open bars statewide (x2),Re-open gyms statewide (x2),Re-open movie theaters statewide (x2),Close Bars (x3),Close Indoor Dining (x3),Reopen Indoor Dining (x3),Mandate quarantine for those entering the state from specific settings,Mandate quarantine for all individuals entering the state,Date all mandated quarantines ended,Date vaccine allocation plan last updated,Vaccine allocation phase: Frontline Healthcare Workers,Vaccine allocation phase: Healthcare Service Workers,Vaccine allocation phase: Home Healthcare Workers,Vaccine allocation phase: Additional Healthcare Workers,Vaccine allocation phase: Long-term Care Residents,Vaccine allocation phase: EMS Providers,Vaccine allocation phase: Firefighters,Vaccine allocation phase: Law Enforcement & Public Safety Personnel,Vaccine allocation phase: Correctional Staff,Vaccine allocation phase: People who are Incarcerated,Vaccine allocation phase: Residents of Homeless Shelters,Vaccine allocation phase: Adults Ages 75+,Vaccine allocation phase: Adults Ages 65+,Vaccine allocation phase: Adults w/ High-Risk Medical Conditions,Vaccine allocation phase: Pre-K-12 School Employees,Vaccine allocation phase: Higher Education Employees,Vaccine allocation phase: Public Transit Workers,Vaccine allocation phase: Food Supply Workers,Vaccine allocation phase: Grocery Store Workers,Vaccine allocation phase: Frontline Essential Workers,Vaccine allocation phase: Additional Essential Workers,Vaccine allocation phase: General Public,Prioritize older adults in earlier phase than essential workers,Proof of work eligibility requirement for vaccination,Proof of age eligibility requirement for vaccination,Proof of residency requirement for vaccination,Penalty for failure to comply with vaccine distribution requirements,Expanded scope of practice of certain health providers to administer vaccines,Overall eviction moratorium start,Overall eviction moratorium expiration,Second overall eviction moratorium start,Second overall eviction moratorium end,Third overall eviction moratorium start,Third overall eviction moratorium end,Freeze initiation of evictions,Lift freeze of eviction initiation,Second freeze of eviction initiation,Lift second freeze of eviction initiation,Suspend court hearings for evictions,Resume court hearings for evictions,Second suspension of court hearings for evictions,Second resumption of court hearings for evictions,Freeze enforcement of evictions,Lift freeze of eviction enforcement,Second freeze of eviction enforcement,Lift second freeze of eviction enforcement,COVID-19 hardship start,COVID-19 hardship expiration,Second COVID-19 hardship start,Second COVID-19 hardship expiration,CARES Act pleading start,CARES Act pleading end,CDC start,CDC end,Utilities shutoff moratorium start,Utilities shutoff moratorium expiration,Second utilities shutoff moratorium start,Utilities reconnection start,Utilities reconnection end,SNAP Waiver - Emergency Allotments to Current SNAP Households,SNAP Waiver - Pandemic EBT during school year 2019-2020,SNAP Waiver - Pandemic EBT during school year 2020-2021,SNAP Waiver - Temporary Suspension of Claims Collection,2020 Q1 SNAP ABAWD Time Limit Waiver,Modify Medicaid requirements with 1135 waivers (date of CMS approval),Reopened ACA enrollment using a special enrollment period,State previously allowed audio-only telehealth,Allow audio-only telehealth,Allow/expand Medicaid telehealth coverage,State had CHIP premium non-payment lock-out period as of January 2019,Suspend CHIP premium non-payment lock-outs,Report COVID-19 testing by race/ethnicity,Report COVID-19 cases by race/ethnicity,Report COVID-19 hospitalizations by race,Report COVID-19 deaths by race/ethnicity,Report COVID-19 vaccinations by race/ethnicity,Report Indigenous COVID-19 testing,Report Indigenous COVID-19 cases,Report Indigenous COVID-19 hospitalizations,Report Indigenous COVID-19 deaths,Report Indigenous COVID-19 vaccinations,Stopped personal visitation in state prisons,Stopped in-person attorney visits in state prisons,Began to resume visitation in state prisons,Does not charge copays for incarcerated individuals,Waived COVID/respiratory illness-related copays during pandemic for incarcerated individuals,Waived all copays during pandemic for incarcerated individuals,Did not waive copays for incarcerated individuals,Suspended elective medical procedures,Resumed elective medical procedures,No order to suspend elective medical procedures but did release guidance or orders to resume,Suspended elective medical procedures x2,Resumed elective medical procedures x2,No state unemployment waiting period prior to pandemic; or date waiting period waived not found,Waived one week waiting period for unemployment insurance,Reinstated one week waiting period for unemployment insurance,Waive work search requirement for unemployment insurance,Reinstated work search requirement for UI,Expand eligibility of unemployment insurance to anyone who is quarantined and/or taking care of someone who is quarantined,Expand eligibility to high-risk individuals in preventative quarantine,Expand eligibility of unemployment insurance to those who have lost childcare/school closures,Extend the amount of time an individual can be on unemployment insurance,Weekly unemployment insurance maximum amount (dollars),"Weekly unemployment insurance maximum amount with extra stimulus (through July 31, 2020) (dollars)",Unemployment insurance maximum duration (weeks),Unemployment insurance maximum duration with Pandemic Emergency Unemployment Compensation CARES extension (weeks),Extended Benefits program activated,Extended Benefits program deactivated,Total Unemployment Rate at Extended Benefits program shutoff,Total Unemployment Rate relative to prior year (%),Total Unemployment Rate relative to second prior year (%),20-week Extended Benefits program activated,20-week Extended Benefits program deactivated,Minimum total earnings required in the base period to qualify for UI,Number of calendar quarters with earnings in the base period needed to qualify for UI,Minimum total earnings required outside the highest earning calendar quarter of the base period to qualify for UI,Require earnings in the last two calendar quarters of the base period in order to qualify for UI,Earnings in base period required to receive a $300 weekly benefit amount for UI,Taxable Wage Amount,Minimum Tax Rate (%),Maximum Tax Rate (%),Average Benefit Amount (August),Made Effort to Limit Abortion Access,Use of telemedicine/telephone evaluations to initiate buprenorphine prescribing,Patients can receive 14-28 take-home doses of opioid medication,Home delivery of take-home medication by opioid treatment programs,Use of telemedicine for schedule II-V prescriptions,Exceptions to emergency oral prescriptions,Waive requirement to obtain separate DEA registration to dispense outside home state,Paid sick leave,Medicaid Expansion,Population density per square miles,Population 2018 ,Square Miles,Number Homeless (2019),Percent Unemployed (2018),Percent living under the federal poverty line (2018),Percent at risk for serious illness due to COVID,All-cause deaths 2018,"Mental health professionals per 100,000 population in 2019",Were there casino(s) in State? (Land and Non-Land based),State has at least one Indian/Alaska Native reservation,"COVID-19 is not an acceptable reason to request application for mail-in ballot unless sick or exposed (as of September 16, 2020)","Witness or notary signature required for mail-in ballot (as of September 1, 2020)",Permanent mail-in ballot system,"Automatic mail-in ballot system in response to COVID-19 (0,1,2 2 being conditional- see notes for details)","Automatic applications sent for mail-in ballots in response to COVID-19 (0,1,2 2 being conditional- see notes for details)",Last date of receipt of mail-in ballot request for the general election (by mail or online),State-Mandated Casino Closure,State-Mandated Casino Re-Opening ,Second Casino Closure,Second Casino Re-Opening,Mention of Tribal Casinos,2019 Minimum Wage,Jan 1 2020 Minimum Wage,Jul 1 2020 Minimum Wage,Sep 1 2020 Minimum Wage,Oct 1 2020 Minimum Wage,2020 Minimum Wage for Tipped Workers,2021 Minimum Wage,Different Minimum Wage for Smaller Businesses
category,n/a,n/a,state_of_emergency,state_of_emergency,physical_distance_closure,physical_distance_closure,Reopening,physical_distance_closure,shelter,shelter,shelter,physical_distance_closure,physical_distance_closure,reopening,shelter,masks,masks,masks,masks,masks,masks,masks,masks,alcohol_firearms,alcohol_firearms,alcohol_firearms,alcohol_firearms,physical_distance_closures,reopening,reopening,physical_distance_closures,reopening,physical_distance_closures,reopening,physical_distance_closures,reopening,reopening,reopening,reopening,reopening,second_closures,second_closures,second_closures,second_closures,second_closures,second_closures,second_closures,second_closures,second_closures,second_closures,third_closures,third_closures,third_closures,quarantines,quarantines,quarantines,vaccine,vaccine,vaccine,vaccine,vaccine,vaccine,vaccine,vaccine,vaccine,vaccine,vaccine,vaccine,vaccine,vaccine,vaccine,vaccine,vaccine,vaccine,vaccine,vaccine,vaccine,vaccine,vaccine,vaccine,vaccine,vaccine,vaccine,vaccine,vaccine,housing,housing,housing,housing,housing,housing,housing,housing,housing,housing,housing,housing,housing,housing,housing,housing,housing,housing,housing,housing,housing,housing,housing,housing,housing,housing,housing,housing,housing,housing,housing,food_security,food_security,food_security,food_security,food_security,healthcare_delivery,healthcare_delivery,healthcare_delivery,healthcare_delivery,healthcare_delivery,healthcare_delivery,healthcare_delivery,racial_disparities,racial_disparities,racial_disparities,racial_disparities,racial_disparities,racial_disparities,racial_disparities,racial_disparities,racial_disparities,racial_disparities,incarceration,incarceration,incarceration,incarceration,incarceration,incarceration,incarceration,healthcare_delivery,healthcare_delivery,healthcare_delivery,healthcare_delivery,healthcare_delivery,unemployment,unemployment,unemployment,unemployment,unemployment,unemployment,unemployment,unemployment,unemployment,unemployment,unemployment,unemployment,unemployment,unemployment,unemployment,unemployment,unemployment,unemployment,unemployment,unemployment,unemployment,unemployment,unemployment,unemployment,unemployment,unemployment,unemployment,unemployment,unemployment,healthcare_delivery,SUD_policies,SUD_policies,SUD_policies,SUD_policies,SUD_policies,SUD_policies,pre_covid_policy,pre_covid_policy,population_density,state_characteristics,state_characteristics,state_characteristics,state_characteristics,state_characteristics,state_characteristics,state_characteristics,state_characteristics,Casino ,state_characteristics,vote_by_mail,vote_by_mail,vote_by_mail,vote_by_mail,vote_by_mail,vote_by_mail,physical_distance_closures,reopening,second_closures,second_closures,physical_distance_closures,minimum_wage,minimum_wage,minimum_wage,minimum_wage,minimum_wage,minimum_wage,minimum_wage,minimum_wage
type,note,note,start,end,start,start,end,start,start,start,end,start,start,end,attribute,start,start,attribute,attribute,attribute,start,end,start,attribute,start,start,attribute,start,end,attribute,start,end,start,end,start,end,end,end,end,end,start,start,start,start,start,start,end,end,end,end,start,start,end,start,start,end,start,attribute,attribute,attribute,attribute,attribute,attribute,attribute,attribute,attribute,attribute,attribute,attribute,attribute,attribute,attribute,attribute,attribute,attribute,attribute,attribute,attribute,attribute,attribute,attribute,attribute,attribute,attribute,attribute,start,end,start,end,start,end,start,end,start,end,start,end,start,end,start,end,start,end,start,end,start,end,start,end,start,end,start,end,start,start,end,start,start,start,start,attribute,start,start,attribute,start,start,attribute,attribute,attribute,attribute,attribute,attribute,attribute,attribute,attribute,attribute,attribute,attribute,start,start,end,attribute,attribute,attribute,attribute,start,end ,end,start,end,attribute,start,end,attribute,attribute,attribute,attribute,attribute,attribute,quantity,quantity,quantity,quantity,start,end,quantity,quantity,quantity,start,end,quantity,quantity,quantity,attribute,quantity,quantity,quantity,quantity,quantity,note,start,start,start,start,start,start,attribute,attribute,quantity,quantity,quantity,quantity,quantity,quantity,quantity,quantity,quantity,attribute,attribute,attribute,attribute,attribute,attribute,attribute,date,start,end,start,end,attribute,quantity,quantity,quantity,quantity,quantity,quantity,quantity,attribute
unit,text,attribute,date,date,date,date,date,date,date,date,date,date,end,date,flag,date,date,flag,flag,flag,date,date,date,flag,date,date,flag,date,date,flag,date,date,date,date,date,date,date,date,date,date,date,date,date,date,date,date,date,date,date,date,date,date,date,date,date,date,date,text,text,text,text,text,text,text,text,text,text,text,text,text,text,text,text,text,text,text,text,text,text,flag,flag,flag,flag,flag,flag,date,date,date,date,date,date,date,date,date,date,date,date,date,date,date,date,date,date,date,date,date,date,date,date,date,date,date,date,date,date,date,date,date,date,date,flag,date,date,flag,date,date,flag,flag,flag,flag,flag,flag,flag,flag,flag,flag,flag,flag,date,date,date,flag,flag,flag,flag,date,date,date,date,date,flag,date,date,flag,flag,flag,flag,flag,flag,dollars,dollars,weeks,weeks,date,date,rate,percent,percent,date,date,dollars,Calendar Quarters,dollars,flag,dollars,dollars,percent,percent,dollars,text,date,date,date,date,date,date,flag,flag,people/sq mi,people,sq mi,people,percent,percent,percent,people/year,"per 100,000",flag,flag,flag,flag,flag,flag,flag,start,date,date,date,date,flag,dollars,dollars,dollars,dollars,dollars,dollars,dollars,flag
Alabama,AL,1,3/13/2020,0,3/20/2020,3/20/2020,5/23/2020,3/19/2020,4/4/2020,0,4/30/2020,3/28/2020,0,4/30/2020,0,7/16/2020,0,0,0,1,5/11/2020,0,0,1,3/24/2020,3/24/2020,1,3/19/2020,5/11/2020,0,3/28/2020,5/11/2020,3/28/2020,5/22/2020,3/19/2020,5/11/2020,5/11/2020,5/11/2020,4/30/2020,0,0,0,0,0,0,0,0,0,0,0,0,0,0,0,0,0,2/15/2021,1A,1A,1A,1A,1A,1A,1B,1B,1B,1B,1B,1B,1C,1C,1B,1B,1B,1B,1B,1B,1C,2,0,1,1,0,1,0,4/3/2020,6/1/2020,0,0,0,0,0,0,0,0,0,0,0,0,4/3/2020,6/1/2020,0,0,0,0,0,0,0,0,0,0,0,0,0,0,0,3/24/2020,4/21/2020,0,0,0,3/23/2020,0,0,3/22/2020,3/16/2020,0,0,0,1,0,1,1,0,0,0,0,1,3/13/2020,3/13/2020,0,0,0,1,0,3/19/2020,4/30/2020,0,0,0,0,3/16/2020,0,1,1,1,0,0,0,275,875,20,39,5/31/2020,9/26/2020,7,250,175,0,0,2340,2,780,0,Max Benefit < $300,8000,0.65,6.8,$250.77 ,1,0,0,0,3/20/2020,0,0,0,0,93.24,4887871,52420,"3,261",5.6,16.8,43.1,"54,352",100.7,1,1,0,1,0,0,0,10/29/2020,3/28/2020,5/22/2020,0,0,0,$7.25 ,$7.25 ,$7.25 ,$7.25 ,$7.25 ,$2.13 ,$7.25 ,0
Alaska,AK,2,3/11/2020,2/14/2021,3/16/2020,0,0,0,3/28/2020,0,4/24/2020,3/24/2020,0,4/24/2020,0,4/24/2020,0,1,1,0,4/24/2020,5/22/2020,0,1,3/17/2020,3/17/2020,1,3/18/2020,4/24/2020,0,3/18/2020,5/8/2020,3/18/2020,5/8/2020,3/18/2020,5/8/2020,4/24/2020,5/8/2020,4/24/2020,0,0,0,0,0,0,0,0,0,0,0,0,0,0,0,3/25/2020,2/14/2021,3/9/2021,1A,1A,1A,1A,1A,1A,1C,1C,1B,1B,1B,1B,1B,1C,1B,1C,1C,1C,1C,1C,1C,2,1,0,0,0,0,0,3/23/2020,7/1/2020,0,0,0,0,4/10/2020,7/1/2020,0,0,3/23/2020,4/24/2020,0,0,0,0,0,0,4/10/2020,7/1/2020,0,0,0,0,9/4/2020,0,0,0,0,0,0,4/1/2020,6/5/2020,0,0,1,4/2/2020,0,0,3/17/2020,3/20/2020,0,0,0,1,1,1,1,0,1,1,1,1,3/13/2020,3/13/2020,0,0,1,0,0,3/19/2020,4/20/2020,0,0,0,0,3/18/2020,0,1,1,1,0,1,0,370,970,26,39,5/3/2020,0,-,-,-,7/5/2020,12/12/2020,2500,2,250,0,13636.36,41500,1,5.4,$443.23 ,1,0,0,0,0,0,0,0,1,1.11,737438,665384,"1,907",6.8,10.9,32.8,"4,453",429.9,0,1,0,1,0,0,2,10/24/2020,0,0,0,0,0,$10.19 ,$10.19 ,$10.19 ,$10.19 ,$10.19 ,$10.19 ,$10.34 ,0
Arizona,AZ,4,3/11/2020,0,3/16/2020,0,0,0,3/31/2020,0,5/16/2020,3/31/2020,0,5/8/2020,1,0,0,0,0,0,5/8/2020,0,3/30/2020,1,3/19/2020,3/19/2020,1,3/21/2020,5/11/2020,0,3/21/2020,5/13/2020,3/21/2020,5/16/2020,3/21/2020,5/16/2020,5/8/2020,0,5/8/2020,0,6/29/2020,6/29/2020,6/29/2020,0,6/29/2020,0,0,0,0,0,0,0,0,4/9/2020,0,5/12/2020,2/26/2021,1A,1A,1A,1A,1A,1A,1B,1B,1B,1C,1C,1B,1B,1C,1B,1B,1B,1B,1B,1B,2,2,0,1,1,0,1,0,3/24/2020,10/31/2020,0,0,0,0,0,0,0,0,0,0,0,0,3/24/2020,10/31/2020,0,0,3/24/2020,10/31/2020,0,0,3/27/2020,1/31/2021,9/4/2020,2/1/2021,0,0,0,0,0,4/1/2020,4/17/2020,2/25/2021,0,1,3/23/2020,0,0,3/25/2020,3/25/2020,1,1,0,1,1,1,1,0,1,1,1,1,3/13/2020,3/13/2020,0,0,1,0,0,3/21/2020,5/1/2020,0,0,0,0,3/20/2020,0,1,1,1,1,1,0,240,840,26,39,6/14/2020,12/12/2020,6.9,150,147,0,0,7020,2,2340,0,Max Benefit < $300,7000,0.05,12.85,$237.99 ,0,0,0,0,0,3/11/2020,0,1,1,62.91,7171646,113990,"10,007",5.4,14,39.1,"59,282",132.9,1,1,0,0,0,0,0,10/23/2020,0,0,0,0,0,$12.00 ,$12.00 ,$12.00 ,$12.00 ,$12.00 ,$9.00 ,$12.15 ,0
Arkansas,AR,5,3/11/2020,0,3/17/2020,0,0,3/13/2020,0,0,0,4/6/2020,11/19/2020,5/4/2020,0,7/20/2020,0,1,1,0,5/11/2020,0,0,1,3/19/2020,3/19/2020,1,3/20/2020,5/11/2020,0,3/20/2020,5/4/2020,3/20/2020,5/18/2020,3/20/2020,5/19/2020,5/6/2020,0,5/18/2020,1/3/2021,0,0,0,0,0,0,0,0,0,0,0,0,0,5/5/2020,0,6/15/2020,1/12/2021,1A,1A,1A,1A,1A,1A,1A,1A,1B,1C,1C,1B,1C,1C,1B,1B,1B,1B,1B,1B,1C,2,0,0,0,0,0,0,0,0,0,0,0,0,0,0,0,0,0,0,0,0,0,0,0,0,0,0,0,0,4/28/2020,7/25/2020,0,0,4/10/2020,2/27/2021,0,4/10/2020,2/27/2021,3/24/2020,5/21/2020,0,0,0,4/2/2020,0,0,3/13/2020,3/13/2020,0,0,0,1,0,1,0,0,1,0,1,0,3/16/2020,3/16/2020,0,0,1,0,0,4/3/2020,4/27/2020,0,0,0,0,3/17/2020,0,1,1,1,0,0,0,451,1051,16,33,5/31/2020,10/17/2020,7.5,208,208,0,0,2835,2,1,0,31200,7000,0.1,6,$223.84 ,1,0,0,0,0,0,0,0,1,56.67,3013825,53179,"2,717",4.5,17.2,43.5,"32,336",231.6,1,0,0,0,0,0,0,10/27/2020,3/17/2020,5/18/2020,0,0,0,$9.25 ,$10.00 ,$10.00 ,$10.00 ,$10.00 ,$2.63 ,$11.00 ,1
California,CA,6,3/4/2020,0,3/23/2020,0,0,0,3/19/2020,0,1/25/2021,3/19/2020,11/21/2020,5/8/2020,0,6/18/2020,0,0,0,1,5/5/2020,0,0,1,3/19/2020,3/19/2020,0,3/16/2020,5/18/2020,0,3/19/2020,0,3/19/2020,0,3/16/2020,0,8/28/2020,5/25/2020,5/8/2020,1/25/2021,0,0,0,0,0,7/13/2020,0,0,0,0,0,0,0,0,0,0,2/13/2021,1A,1A,1A,1A,1A,1A,1B,1B,1B,1B,1B,1B,1B,1C,1B,1B,1B,1B,1B,1B,^,^,0,0,0,0,1,1,3/27/2020,9/2/2020,0,0,0,0,10/5/2020,7/1/2021,0,0,4/6/2020,10/4/2020,0,0,3/27/2020,6/1/2020,0,0,3/27/2020,6/1/2020,10/5/2020,0,0,0,0,0,3/4/2020,0,0,3/4/2020,0,3/30/2020,4/23/2020,0,0,1,3/23/2020,3/20/2020,0,3/30/2020,3/18/2020,0,0,1,1,0,1,1,1,1,0,1,1,3/11/2020,4/8/2020,0,1,0,0,0,3/19/2020,4/22/2020,0,0,0,0,3/12/2020,0,1,1,1,1,0,0,450,1050,26,39,5/10/2020,0,-,-,-,6/7/2020,1/16/2021,1125,2,225,0,6900,7000,1.5,6.2,$282.35 ,0,0,0,0,0,0,0,1,1,241.65,39557045,163695,"151,278",5.5,12.8,33.3,"268,818",356.2,1,1,0,0,0,1,0,0,0,0,0,0,0,$12.00 ,$12.00 ,$12.00 ,$12.00 ,$12.00 ,$12.00 ,$13.00 ,1
Colorado,CO,8,3/11/2020,0,3/23/2020,0,0,3/12/2020,3/26/2020,0,4/27/2020,3/19/2020,0,5/1/2020,1,7/16/2020,0,0,0,0,4/23/2020,0,0,1,3/20/2020,3/20/2020,1,3/17/2020,5/27/2020,0,3/17/2020,6/4/2020,3/17/2020,6/18/2020,3/17/2020,6/18/2020,5/1/2020,6/4/2020,5/1/2020,0,6/30/2020,6/30/2020,0,0,0,0,0,0,0,0,0,0,0,0,0,0,2/26/2021,1A,1B,1B,1B,1A,1B,1B,1B,1B,2,2,1B,1B,1B,1B,1B,1B,1B,1B,1B,1B,2,0,0,0,0,0,1,4/30/2020,6/14/2020,10/21/2020,1/1/2021,0,0,4/30/2020,6/14/2020,10/21/2020,1/1/2021,0,0,0,0,4/30/2020,6/14/2020,10/21/2020,1/1/2021,5/29/2020,6/14/2020,10/21/2020,1/1/2021,0,0,10/15/2020,12/31/2020,0,0,0,0,0,4/1/2020,4/23/2020,0,4/10/2020,1,3/26/2020,3/20/2020,0,4/1/2020,3/20/2020,0,0,0,1,1,1,1,0,1,1,1,1,3/11/2020,0,0,0,1,0,0,3/23/2020,4/27/2020,0,0,0,0,3/20/2020,0,1,2,0,0,0,0,618,1218,26,39,5/31/2020,11/28/2020,6.5,250,197,0,0,2500,1,0,0,13000,13600,0.58,7.4,$371.47 ,0,0,0,0,0,0,0,0,1,54.72,5695564,104094,"9,619",3.9,9.6,31.3,"38,526",356.4,1,1,0,0,1,0,0,0,3/17/2020,0,0,0,0,$12.00 ,$12.00 ,$12.00 ,$12.00 ,$12.00 ,$8.98 ,$12.32 ,1
Connecticut,CT,9,3/10/2020,0,3/17/2020,0,0,3/9/2020,0,3/23/2020,5/20/2020,3/23/2020,11/2/2020,5/20/2020,0,4/20/2020,0,0,0,1,4/3/2020,0,0,1,3/19/2020,4/24/2020,1,3/16/2020,5/20/2020,1,3/16/2020,6/17/2020,3/16/2020,6/17/2020,3/16/2020,0,6/1/2020,5/29/2020,5/20/2020,0,0,0,0,0,0,0,0,0,0,0,0,0,0,6/25/2020,0,3/19/2021,2/3/2021,1A,1A,1A,1A,1A,1A,1A,1A,1B,1B,1B,1B,1B,1B,1B,1B,1B,1B,1B,1B,^,^,0,0,0,0,0,1,3/16/2020,2/10/2021,0,0,0,0,4/10/2020,2/10/2021,0,0,3/16/2020,9/14/2020,0,0,3/19/2020,1/3/2021,0,0,0,0,0,0,0,0,9/14/2020,2/9/2021,3/12/2020,9/30/2020,0,3/18/2020,5/2/2020,3/28/2020,4/24/2020,0,4/2/2020,1,3/27/2020,3/19/2020,0,3/19/2020,3/18/2020,0,0,0,1,0,1,1,0,1,0,1,1,3/13/2020,0,0,0,0,1,0,0,0,0,0,0,1,0,0,1,1,0,0,1,0,649,1249,26,39,4/26/2020,0,-,-,-,8/2/2020,12/12/2020,600,1,0,0,15600,15000,0.5,5.4,$289.09 ,0,0,0,0,0,0,0,1,1,644.54,3572665,5543,"3,033",5.5,10.4,36,"31,230",396.9,1,1,0,0,0,0,1,11/2/2020,0,0,0,0,1,$11.00 ,$11.00 ,$11.00 ,$12.00 ,$12.00 ,$6.38 ,$12.00 ,0
Delaware,DE,10,3/13/2020,0,3/16/2020,4/6/2020,6/15/2020,0,3/24/2020,0,6/1/2020,3/24/2020,12/14/2020,5/8/2020,1,4/28/2020,0,1,1,0,5/1/2020,0,0,1,3/18/2020,0,1,3/16/2020,6/1/2020,0,3/19/2020,6/1/2020,3/19/2020,6/1/2020,3/16/2020,6/15/2020,6/8/2020,5/20/2020,5/20/2020,1/8/2021,7/3/2020,0,0,0,0,0,0,0,0,0,0,0,0,0,3/30/2020,6/1/2020,3/2/2021,1A,1A,1A,1A,1A,1A,1B,1B,1B,1C,1C,1B,1B,1C,1B,1B,1B,1B,1B,1B,1C,3,0,0,0,0,0,0,3/17/2020,7/1/2020,0,0,0,0,3/24/2020,7/1/2020,0,0,3/17/2020,7/1/2020,0,0,3/24/2020,7/1/2020,0,0,0,0,0,0,7/1/2020,1/31/2021,9/11/2020,1/31/2021,3/24/2020,7/1/2020,0,0,0,3/26/2020,4/30/2020,2/17/2021,4/13/2020,0,3/27/2020,0,1,1/1/2020,3/18/2020,0,0,1,1,0,1,1,0,0,0,0,0,3/12/2020,0,9/1/2020,0,1,0,0,0,0,5/20/2020,0,0,0,1,0,1,1,0,0,1,0,400,1000,26,39,5/24/2020,1/9/2021,6.4,160,178,10/11/2020,12/19/2020,720,1,0,0,13800,16500,0.1,8,$238.98 ,0,0,0,0,0,0,0,0,1,388.58,967171,2489,921,5.7,12.5,41.3,"9,433",262.6,1,0,0,0,0,0,1,11/2/2020,3/16/2020,6/1/2020,0,0,0,$9.25 ,$9.25 ,$9.25 ,$9.25 ,$9.25 ,$2.23 ,$9.25 ,0
District of Columbia,DC,11,3/11/2020,0,3/16/2020,0,0,0,4/1/2020,0,5/29/2020,3/25/2020,11/23/2020,5/29/2020,0,4/17/2020,0,1,0,0,4/15/2020,0,0,1,3/17/2020,3/17/2020,0,3/16/2020,5/29/2020,1,3/17/2020,6/22/2020,3/17/2020,6/22/2020,3/16/2020,5/29/2020,5/29/2020,6/22/2020,6/22/2020,11/15/2020,0,0,0,0,0,12/23/2020,1/22/2021,0,0,0,0,0,0,7/27/2020,0,0,1/11/2021,1A,1A,1A,1A,1A,1A,1A,1B,1B,1B,1B,1B,1B,1C,1B,1C,1B,1B,1B,1B,1C,2,0,0,0,0,0,0,3/15/2020,1/31/2021,0,0,0,0,5/13/2020,12/16/2020,0,0,3/15/2020,1/31/2021,0,0,5/13/2020,1/31/2021,0,0,0,0,0,0,0,0,,,3/27/2020,1/31/2021,0,0,0,4/1/2020,5/19/2020,3/22/2021,0,1,4/3/2020,4/6/2020,0,3/19/2020,3/12/2020,0,0,0,1,0,1,1,0,1,0,0,0,3/15/2020,3/15/2020,0,1,0,0,0,0,0,0,0,0,0,3/17/2020,0,1,1,1,0,0,0,444,1044,26,39,5/24/2020,0,-,-,-,7/5/2020,1/16/2021,1950,2,650,0,11700,9000,1.6,7,$348.75 ,0,0,0,0,0,0,0,1,1,"11,496.81","702,455",61.1,6521,7.5,16.2,31.8,"5,008",508.6,0,0,0,0,0,1,0,0,0,0,0,0,0,$14.00 ,$14.00 ,$15.00 ,$15.00 ,$15.00 ,$5.00 ,$15.00 ,0
Florida,FL,12,3/9/2020,0,3/17/2020,0,0,3/15/2020,4/3/2020,0,5/18/2020,4/3/2020,0,5/18/2020,1,0,0,0,0,0,5/11/2020,0,0,1,3/20/2020,3/20/2020,1,4/3/2020,5/18/2020,0,4/3/2020,5/18/2020,4/3/2020,6/5/2020,3/17/2020,6/5/2020,5/11/2020,0,5/18/2020,0,6/26/2020,6/26/2020,0,0,0,0,0,9/14/2020,0,0,0,0,0,3/24/2020,0,8/5/2020,3/3/2021,1A,1A,1A,1A,1A,1A,^,^,^,^,^,1A,1A,^,^,^,^,^,^,^,^,^,1,0,0,1,0,0,4/2/2020,10/1/2020,0,0,0,0,4/2/2020,7/29/2020,0,0,0,0,0,0,0,0,0,0,4/2/2020,10/1/2020,0,0,0,0,0,0,0,0,0,0,0,3/30/2020,5/27/2020,3/1/2021,0,0,3/16/2020,0,0,0,3/18/2020,1,0,0,1,1,1,1,0,0,0,0,1,3/11/2020,0,0,0,1,0,0,3/20/2020,5/4/2020,0,0,0,0,3/31/2020,0,1,1,1,0,0,0,275,875,12,25,6/7/2020,11/7/2020,8.7,290,256,0,0,3400,2,1133,0,Max Benefit < $300,7000,0.1,5.4,$232.04 ,0,0,0,0,0,0,0,0,0,323.9,21299325,65758,"28,328",5.2,13.6,42.1,"205,426",160.5,1,1,0,0,0,0,0,10/24/2020,0,0,0,0,0,$8.56 ,$8.56 ,$8.56 ,$8.56 ,$8.56 ,$5.54 ,$8.65 ,0
Georgia,GA,13,3/14/2020,0,3/18/2020,0,0,4/3/2020,4/3/2020,0,5/1/2020,4/3/2020,0,5/1/2020,0,0,0,0,0,0,4/27/2020,0,7/15/2020,1,3/24/2020,0,1,4/3/2020,4/27/2020,0,4/3/2020,4/24/2020,4/3/2020,4/27/2020,3/24/2020,6/1/2020,4/24/2020,0,4/23/2020,0,0,0,0,0,0,0,0,0,0,0,0,0,0,0,0,0,2/24/2021,1A,1A,1A,1A,1A,1A,1A,1A,1A,^,^,1A,1A,1C,1B,1B,1B,1B,1B,1B,^,^,1,0,0,0,0,0,0,0,0,0,0,0,0,0,0,0,0,0,0,0,0,0,0,0,0,0,0,0,5/4/2020,8/25/2020,0,0,0,0,0,0,0,3/24/2020,6/5/2020,0,4/10/2020,1,4/1/2020,0,0,3/18/2020,3/18/2020,0,0,0,1,1,1,1,0,1,1,1,1,3/12/2020,3/16/2020,0,0,1,0,0,0,0,4/20/2020,0,0,1,0,0,1,1,1,1,1,1,365,965,26,27,5/10/2020,2/6/2021,5.3,171,139,7/5/2020,10/10/2020,2200,2,1,0,12000,9500,0.04,7.56,$256.80 ,0,0,0,0,0,4/1/2020,0,0,0,177.02,10519475,59425,"10,443",4.8,14.3,36.2,"85,202",137.3,1,1,0,0,0,0,0,10/30/2020,0,0,0,0,0,$7.25 ,$7.25 ,$7.25 ,$7.25 ,$7.25 ,$2.13 ,$7.25 ,1
Hawaii,HI,15,3/4/2020,0,3/16/2020,0,0,3/17/2020,3/25/2020,5/7/2020,5/31/2020,3/25/2020,0,5/7/2020,0,0,0,1,1,0,6/10/2020,0,0,1,4/16/2020,4/16/2020,1,3/17/2020,6/5/2020,0,3/25/2020,6/19/2020,3/17/2020,6/19/2020,3/17/2020,6/26/2020,5/29/2020,5/18/2020,5/7/2020,0,0,0,0,0,0,0,0,0,0,0,0,0,0,0,3/26/2020,0,1/7/2021,1A,1A,1A,1A,1A,1A,1B,1B,1B,2,2,1B,1C,1C,1B,1B,1B,1B,1B,1B,1C,2,0,0,0,0,0,0,3/17/2020,2/15/2021,0,0,0,0,4/16/2020,2/15/2021,0,0,3/17/2020,4/27/2020,0,0,3/17/2020,2/15/2021,0,0,0,0,0,0,0,0,0,0,5/4/2020,2/15/2021,0,5/4/2020,2/15/2021,4/17/2020,5/28/2020,3/16/2021,0,1,3/26/2020,0,0,4/15/2020,3/30/2020,0,0,0,1,1,1,0,0,0,0,0,0,3/13/2020,0,0,0,0,0,1,0,0,4/26/2020,0,0,0,3/16/2020,0,1,1,0,0,0,0,648,1248,26,39,5/17/2020,0,-,-,-,0,0,130,2,1,0,7800,48100,0,5.6,$449.20 ,0,0,0,0,0,0,0,0,1,129.94,1420491,10932,"6,412",3.8,8.8,39.1,"11,415",250.5,0,0,0,0,1,0,0,0,0,0,0,0,0,$10.10 ,$10.10 ,$10.10 ,$10.10 ,$10.10 ,$9.35 ,$10.10 ,0
Idaho,ID,16,3/13/2020,0,3/24/2020,0,0,0,3/25/2020,0,5/1/2020,3/25/2020,0,5/1/2020,0,0,0,0,0,0,0,0,0,1,3/23/2020,3/23/2020,1,3/25/2020,5/16/2020,0,3/25/2020,5/16/2020,3/25/2020,5/30/2020,3/25/2020,5/30/2020,5/16/2020,5/1/2020,5/1/2020,0,0,0,0,0,0,0,0,0,0,0,0,0,0,0,4/15/2020,5/16/2020,2/23/2021,1A,1A,1A,1A,1A,1A,1B,1B,1B,2,1B,1B,1B,1C,1B,2,1B,1B,1B,1B,1C,2,0,1,1,0,0,0,3/16/2020,5/1/2020,0,0,0,0,0,0,0,0,3/16/2020,5/1/2020,0,0,0,0,0,0,0,0,0,0,5/4/2020,7/26/2020,0,0,0,0,0,0,0,4/2/2020,8/13/2020,3/23/2021,0,1,3/26/2020,0,0,4/6/2020,3/17/2020,0,0,0,1,0,1,0,0,1,0,1,0,3/13/2020,0,0,0,0,1,0,0,0,0,0,0,0,3/27/2020,0,1,1,1,0,0,0,448,1048,20,33,5/24/2020,8/22/2020,6.6,228,228,0,0,2340,2,468,0,9750,41600,0.25,5.4,$306.11 ,0,0,0,0,0,0,0,0,1,20.99,1754208,83569,"2,315",4,11.8,36.2,"14,261",208.8,1,1,0,0,0,0,2,10/23/2020,0,0,0,0,0,$7.25 ,$7.25 ,$7.25 ,$7.25 ,$7.25 ,$3.35 ,$7.25 ,0
Illinois,IL,17,3/9/2020,0,3/17/2020,3/23/2020,5/29/2020,0,3/21/2020,0,5/29/2020,3/21/2020,0,5/29/2020,0,5/1/2020,0,1,0,0,5/1/2020,0,0,1,3/16/2020,3/16/2020,1,3/16/2020,5/29/2020,1,3/21/2020,5/29/2020,3/21/2020,6/26/2020,3/16/2020,6/26/2020,5/29/2020,5/1/2020,5/29/2020,0,11/20/2020,11/20/2020,11/20/2020,0,0,11/20/2020,0,0,0,0,0,0,0,0,0,0,2/11/2021,1A,1A,1A,1A,1A,1A,1B,1B,1B,1B,2,1B,1B,1C,1B,2,1B,1B,1B,1B,1C,2,0,0,0,0,0,1,3/21/2020,2/7/2021,0,0,0,0,4/23/2020,2/7/2021,0,0,0,0,0,0,3/21/2020,2/7/2021,0,0,11/13/2020,2/7/2021,0,0,3/28/2020,8/25/2020,0,0,3/18/2020,7/26/2020,0,6/18/2020,1/26/2021,4/1/2020,4/17/2020,1/15/2021,0,1,3/23/2020,0,0,3/19/2020,3/19/2020,0,0,1,1,0,1,1,1,1,0,1,1,3/14/2020,0,0,1,0,0,0,0,0,5/11/2020,0,0,0,3/16/2020,0,0,0,1,0,1,0,484,1084,26,39,5/17/2020,0,-,-,-,7/5/2020,1/16/2021,1600,2,440,0,16595.74,12740,0.2,6.4,$313.12 ,0,0,0,0,0,0,0,0,1,220,12741080,57914,"10,199",5.5,12.1,36.2,"110,022",228.8,1,0,0,0,0,0,1,10/29/2020,3/16/2020,7/1/2020,11/20/2020,0,0,$9.25 ,$9.25 ,$10.00 ,$10.00 ,$10.00 ,$6.00 ,$11.00 ,1
Indiana,IN,18,3/6/2020,0,3/20/2020,0,0,0,3/25/2020,0,5/18/2020,3/25/2020,0,5/18/2020,0,7/27/2020,0,0,0,0,5/1/2020,0,0,1,3/23/2020,0,1,3/16/2020,5/18/2020,0,3/25/2020,6/1/2020,3/25/2020,6/12/2020,3/16/2020,6/12/2020,5/18/2020,5/8/2020,5/18/2020,0,0,0,0,0,0,0,0,0,0,0,0,0,0,0,0,0,3/2/2021,1A,1A,1A,1A,1A,1A,1A,1A,1A,^,^,1B,1B,^,^,^,^,^,^,^,^,^,1,0,1,1,0,0,3/19/2020,8/15/2020,0,0,0,0,3/19/2020,8/15/2020,0,0,3/19/2020,8/15/2020,0,0,0,0,0,0,0,0,0,0,0,0,0,0,3/19/2020,8/15/2020,0,0,0,3/27/2020,5/14/2020,12/30/2020,4/13/2020,0,3/25/2020,0,0,3/30/2020,3/30/2020,1,0,1,1,0,1,1,0,0,0,0,0,3/12/2020,0,0,0,1,0,0,3/16/2020,4/27/2020,0,0,0,0,3/26/2020,1,1,1,1,0,1,0,390,990,26,39,6/7/2020,11/14/2020,6.8,213,194,0,0,4200,2,1400,1,33191.49,9500,0.5,7.4,$221.90 ,1,0,0,0,3/28/2020,0,0,0,1,183.74,6691878,36420,"5,471",4.4,13.1,39.9,"65,693",160,1,0,1,0,0,0,0,10/22/2020,3/16/2020,6/15/2020,0,0,0,$7.25 ,$7.25 ,$7.25 ,$7.25 ,$7.25 ,$2.13 ,$7.25 ,1
Iowa,IA,19,3/9/2020,0,4/2/2020,0,0,0,0,0,0,3/26/2020,11/17/2020,5/15/2020,0,11/16/2020,0,0,0,0,11/16/2020,2/7/2021,0,1,3/20/2020,3/20/2020,1,3/17/2020,5/15/2020,0,3/17/2020,5/15/2020,3/17/2020,5/22/2020,3/17/2020,5/28/2020,5/15/2020,5/1/2020,5/15/2020,12/10/2020,8/27/2020,0,0,0,0,0,0,0,0,0,0,0,0,0,0,0,1/21/2021,1A,1A,1A,1A,1A,1A,1B,1B,1B,1B,1B,1B,1B,^,1B,^,1B,1B,1B,1B,^,^,0,0,0,0,0,0,3/19/2020,5/28/2020,0,0,0,0,3/19/2020,5/28/2020,0,0,0,0,0,0,0,0,0,0,0,0,0,0,5/23/2020,0,10/2/2020,1/31/2021,3/27/2020,5/28/2020,0,0,0,3/25/2020,6/5/2020,0,0,0,3/25/2020,0,0,3/26/2020,3/13/2020,0,1,0,1,0,1,1,0,1,0,1,1,3/14/2020,0,0,0,1,0,0,3/27/2020,4/27/2020,0,11/17/2020,2/5/2021,1,0,0,1,2,1,1,1,0,481,1081,26,39,5/17/2020,10/31/2020,5.9,211,236,0,0,2423,2,808,0,10350,31600,0,7.5,$343.48 ,1,0,0,0,0,0,0,0,1,56.09,3156145,56273,"2,315",3.6,11.2,36.9,"30,367",155.7,1,1,0,0,0,0,1,10/24/2020,3/16/2020,6/1/2020,0,0,0,$7.25 ,$7.25 ,$7.25 ,$7.25 ,$7.25 ,$4.35 ,$7.25 ,0
Kansas,KS,20,3/12/2020,0,3/18/2020,0,0,0,3/30/2020,0,5/4/2020,3/30/2020,0,5/4/2020,1,7/3/2020,0,0,0,1,7/3/2020,0,0,1,3/18/2020,0,1,3/30/2020,5/4/2020,0,3/30/2020,5/18/2020,3/30/2020,5/22/2020,3/30/2020,6/8/2020,5/18/2020,5/4/2020,5/4/2020,0,0,0,0,0,0,0,0,0,0,0,0,0,0,3/23/2020,0,0,1/7/2021,1,1,1,1,1,1,2,2,2,2,2,2,2,3,2,5,2,2,2,2,3,5,0,0,0,0,0,0,3/17/2020,6/1/2020,8/19/2020,0,0,0,0,0,0,0,3/17/2020,4/3/2020,0,0,3/23/2020,6/1/2020,8/19/2020,0,3/23/2020,6/1/2020,8/19/2020,3/31/2021,0,0,0,0,3/16/2020,6/1/2020,0,0,0,4/1/2020,4/25/2020,0,0,0,3/24/2020,0,0,6/22/2020,4/1/2020,1,1,1,1,1,1,1,1,1,1,1,1,3/13/2020,0,0,0,1,0,0,0,0,0,0,0,0,3/31/2020,0,1,1,0,0,0,1,488,1088,16,29,6/7/2020,12/12/2020,6,194,188,7/5/2020,10/10/2020,3660,2,1,0,9000,14000,0,7.1,$341.68 ,0,0,0,0,0,0,0,0,0,35.39,2911505,82278,"2,381",3.8,12,38,"27,537",196.7,1,1,0,0,0,0,0,10/27/2020,5/4/2020,5/22/2020,0,0,1,$7.25 ,$7.25 ,$7.25 ,$7.25 ,$7.25 ,$2.13 ,$7.25 ,0
Kentucky,KY,21,3/6/2020,0,3/17/2020,3/23/2020,6/8/2020,0,0,3/26/2020,6/29/2020,3/26/2020,8/11/2020,5/11/2020,0,5/11/2020,0,0,0,1,5/11/2020,0,0,1,3/16/2020,3/19/2020,1,3/16/2020,5/22/2020,0,3/18/2020,6/1/2020,3/18/2020,6/1/2020,3/16/2020,6/29/2020,5/25/2020,5/9/2020,5/20/2020,0,7/28/2020,7/28/2020,0,0,0,11/20/2020,0,8/11/2020,0,0,11/20/2020,0,0,0,4/2/2020,5/6/2020,2/8/2021,1A,1A,1A,1A,1A,1A,1B,1B,1B,3,3,1B,1C,1C,1B,3,1C,1C,1C,1C,1C,3,1,0,0,0,0,0,3/16/2020,8/25/2020,0,0,0,0,4/1/2020,8/1/2020,0,0,3/16/2020,8/1/2020,0,0,3/25/2020,8/25/2020,0,0,0,0,0,0,3/27/2020,1/31/2021,9/4/2020,12/31/2020,5/8/2020,11/6/2020,0,0,0,3/28/2020,5/19/2020,2/24/2021,0,1,3/25/2020,0,0,3/18/2020,3/18/2020,0,0,0,1,0,1,1,0,1,0,1,1,3/11/2020,0,0,0,1,0,0,3/18/2020,5/6/2020,0,0,0,0,3/16/2020,0,1,1,1,0,0,0,552,1152,26,39,5/17/2020,11/28/2020,6.8,158,158,6/7/2020,9/12/2020,3271,2,1090,1,25161.45,10800,0.3,9,$319.88 ,1,0,0,0,0,0,0,0,1,110.58,4468402,40408,"4,079",5.2,16.9,43.6,"48,707",227.5,0,0,0,0,0,0,0,10/27/2020,0,0,0,0,0,$7.25 ,$7.25 ,$7.25 ,$7.25 ,$7.25 ,$2.13 ,$7.25 ,0
Louisiana,LA,22,3/11/2020,0,3/16/2020,0,0,3/12/2020,3/23/2020,0,5/15/2020,3/23/2020,0,5/1/2020,0,8/7/2020,0,1,1,0,5/1/2020,0,0,1,3/16/2020,3/16/2020,1,3/17/2020,5/1/2020,1,3/17/2020,5/15/2020,3/17/2020,5/15/2020,3/17/2020,6/5/2020,5/15/2020,5/15/2020,5/15/2020,0,7/13/2020,7/13/2020,0,0,0,0,0,0,0,0,0,0,0,0,0,0,3/3/2021,1A,1A,1B,1B,1A,1A,1A,1A,1B,^,^,1B,1B,^,1B,1B,1B,1B,1B,1B,^,^,0,0,0,0,1,1,3/17/2020,6/16/2020,0,0,0,0,0,0,0,0,3/17/2020,6/16/2020,0,0,0,0,0,0,0,0,0,0,0,0,0,0,3/13/2020,7/16/2020,0,0,0,3/27/2020,5/14/2020,0,4/13/2020,1,3/23/2020,0,0,3/23/2020,3/13/2020,1,1,0,1,0,1,1,0,1,0,1,1,3/12/2020,3/12/2020,0,0,0,1,0,3/19/2020,4/27/2020,0,0,0,0,3/13/2020,0,1,1,1,0,1,0,247,847,26,39,5/10/2020,1/23/2021,8.6,169,179,0,0,1200,2,400,0,Max Benefit < $300,7700,0.09,6,$180.86 ,1,0,0,0,0,0,0,0,1,88.97,4659978,52378,"2,941",6.4,18.6,42.1,"46,048",264.6,1,1,1,1,0,0,0,10/30/2020,3/17/2020,5/18/2020,0,0,0,$7.25 ,7.25,$7.25 ,$7.25 ,$7.25 ,$2.13 ,$7.25 ,0
Maine,ME,23,3/15/2020,0,4/2/2020,0,0,0,4/2/2020,0,5/31/2020,3/25/2020,11/20/2020,5/1/2020,0,5/1/2020,0,1,0,0,5/1/2020,0,0,1,3/18/2020,3/18/2020,1,3/18/2020,6/1/2020,1,3/25/2020,6/17/2020,3/25/2020,7/1/2020,3/18/2020,6/17/2020,6/17/2020,5/29/2020,6/1/2020,2/1/2021,0,0,0,0,0,0,0,0,0,0,0,0,0,6/12/2020,4/3/2020,0,2/26/2021,1A,1A,1A,1A,1A,1A,1A,1A,1A,2,2,1B,1B,1B,1B,1B,1B,1B,1B,1B,1C,2,0,1,1,1,0,0,3/18/2020,8/3/2020,0,0,0,0,0,0,0,0,3/18/2020,8/3/2020,0,0,4/16/2020,8/3/2020,0,0,0,0,0,0,0,0,0,0,3/16/2020,11/1/2020,0,0,0,3/28/2020,5/5/2020,0,0,1,4/7/2020,0,0,3/20/2020,3/20/2020,1,1,0,1,1,1,1,0,1,1,1,1,3/14/2020,0,7/13/2020,0,1,0,0,0,0,0,0,0,0,3/15/2020,0,1,2,1,0,0,0,445,1045,26,39,5/10/2020,11/14/2020,7.7,266,233,0,0,5336,2,1779,0,13200,12000,0.06,5.46,$294.53 ,0,0,3/24/2020,0,0,0,0,0,1,37.83,1338404,35380,"2,106",3.5,11.6,42.5,"14,715",474.6,1,1,0,0,0,0,0,10/29/2020,0,0,0,0,0,$12.00 ,$12.00 ,$12.00 ,$12.00 ,$12.00 ,$6.00 ,$12.15 ,0
Maryland,MD,24,3/5/2020,0,3/16/2020,3/30/2020,6/19/2020,4/5/2020,3/30/2020,0,5/15/2020,3/23/2020,11/20/2020,5/15/2020,0,4/18/2020,0,1,1,0,4/18/2020,0,0,1,3/19/2020,0,1,3/16/2020,5/29/2020,1,3/16/2020,6/19/2020,3/16/2020,9/1/2020,3/16/2020,6/12/2020,5/15/2020,5/15/2020,5/15/2020,2/1/2021,0,0,0,0,0,0,0,0,0,0,0,0,0,12/17/2020,0,0,2/10/2021,1A,1A,1A,1A,1A,1A,1A,1A,1A,2,1B,1B,1C,2,1B,3,1C,1C,1C,1C,2,3,1,0,0,0,1,1,3/16/2020,3/13/2021,0,0,0,0,0,0,0,0,3/18/2020,7/25/2020,11/16/2020,3/13/2021,0,0,0,0,3/16/2020,1/31/2021,0,0,3/27/2020,8/25/2020,9/4/2020,0,3/16/2020,11/16/2020,0,0,0,4/1/2020,4/28/2020,0,4/13/2020,1,3/26/2020,4/1/2020,0,4/1/2020,3/12/2020,0,0,0,1,0,1,1,0,0,0,0,1,3/12/2020,0,0,0,0,1,0,3/24/2020,5/7/2020,0,0,0,1,0,0,1,1,1,1,1,0,430,1030,26,39,5/31/2020,12/12/2020,7.5,214,197,0,0,1800,2,600,0,10800,8500,0.3,7.5,$305.52 ,0,0,0,0,0,0,0,1,1,487.08,6042718,12406,"6,561",4.9,9,37.1,"50,568",257.4,1,0,0,0,0,0,1,10/20/2020,3/16/2020,6/19/2020,0,0,0,$11.00 ,$11.00 ,$11.00 ,$11.00 ,$11.00 ,$3.63 ,$11.75 ,0
Massachusetts,MA,25,3/10/2020,0,3/17/2020,3/23/2020,6/8/2020,3/16/2020,3/24/2020,0,5/18/2020,3/24/2020,11/6/2020,5/18/2020,0,5/6/2020,0,1,0,0,5/6/2020,0,0,1,4/3/2020,4/3/2020,0,3/17/2020,6/8/2020,1,3/24/2020,7/13/2020,3/24/2020,7/13/2020,3/17/2020,0,5/25/2020,5/18/2020,6/8/2020,1/25/2021,0,0,0,0,0,0,0,0,0,0,0,0,0,7/1/2020,3/27/2020,3/22/2021,3/16/2021,1,1,1,1,1,1,1,1,1,1,1,2,2,2,2,3,2,2,2,2,2,3,0,1,1,0,0,1,3/13/2020,10/18/2020,0,0,0,0,4/20/2020,10/18/2020,0,0,3/13/2020,10/18/2020,0,0,4/20/2020,10/18/2020,0,0,0,0,0,0,0,0,9/4/2020,1/31/2021,3/24/2020,11/16/2020,0,0,0,3/25/2020,4/17/2020,12/15/2020,4/10/2020,1,3/26/2020,3/11/2020,0,3/16/2020,3/12/2020,1,0,0,1,1,1,1,0,1,1,1,1,3/12/2020,0,7/8/2020,0,0,1,0,3/18/2020,5/18/2020,0,0,0,0,3/18/2020,0,1,1,1,0,0,0,823,1423,26,39,5/3/2020,0,-,-,-,7/5/2020,1/16/2021,5100,1,0,0,31200,15000,0.94,14.37,$396.96 ,0,0,0,0,0,4/6/2020,0,1,1,653.98,6902149,10554,"18,471",4.8,10,34.6,"59,152",626.6,1,1,0,0,0,0,1,10/28/2020,3/14/2020,7/6/2020,0,0,0,$12.75 ,$12.75 ,$12.75 ,$12.75 ,$12.75 ,$4.95 ,$13.50 ,0
Michigan,MI,26,3/10/2020,0,3/16/2020,3/24/2020,6/8/2020,3/14/2020,3/24/2020,0,6/1/2020,3/24/2020,2/1/2021,5/26/2020,1,4/27/2020,0,1,1,0,4/26/2020,0,0,1,0,0,0,3/16/2020,6/8/2020,0,3/16/2020,9/9/2020,3/16/2020,10/9/2020,3/16/2020,6/8/2020,6/15/2020,0,6/4/2020,0,7/1/2020,7/31/2020,0,0,0,0,0,0,0,0,0,0,0,0,0,0,2/15/2021,1A,1A,1A,1A,1A,1A,1B,1B,1B,2,2,1B,1C,1C,1B,2,1B,1B,1B,1B,1C,2,0,0,0,0,0,0,3/20/2020,7/16/2020,0,0,0,0,3/20/2020,7/16/2020,0,0,0,0,0,0,3/20/2020,7/16/2020,0,0,0,0,0,0,3/27/2020,7/26/2020,10/22/2020,4/1/2021,0,0,0,3/28/2020,10/2/2020,3/24/2020,4/9/2020,2/4/2021,4/9/2020,1,4/6/2020,0,1,1/1/2020,3/12/2020,0,0,0,1,0,1,1,0,1,0,1,1,3/13/2020,0,0,0,1,0,0,3/21/2020,5/29/2020,0,0,0,1,0,0,1,1,1,1,1,1,362,962,26,33,4/26/2020,0,-,-,-,11/8/2020,0,5501,2,1834,0,10975.61,9000,0,6.3,$297.61 ,0,0,0,0,0,0,0,1,1,103.36,9995915,96714,"8,575",5.3,14.1,41.2,"98,903",265.4,1,1,0,0,0,0,1,10/30/2020,3/16/2020,8/5/2020,0,0,0,$9.65 ,$9.65 ,$9.65 ,$9.65 ,$9.65 ,$3.67 ,$9.65 ,1
Minnesota,MN,27,3/13/2020,0,3/18/2020,0,0,0,3/28/2020,0,5/18/2020,3/28/2020,11/13/2020,4/27/2020,0,7/24/2020,0,0,0,0,6/1/2020,0,0,1,4/18/2020,0,1,3/17/2020,6/1/2020,1,3/17/2020,6/10/2020,3/17/2020,6/10/2020,3/17/2020,6/10/2020,6/1/2020,5/18/2020,5/18/2020,0,11/21/2020,11/21/2020,11/21/2020,0,11/21/2020,11/21/2020,0,0,0,0,0,0,0,0,0,0,3/2/2021,1A,1A,1A,1A,1A,1A,1B,1B,1B,2,1A,1B,1B,1B,1B,1B,1B,1B,1B,1B,1C,2,0,0,0,0,0,1,3/16/2020,2/13/2021,0,0,0,0,3/24/2020,2/13/2021,0,0,3/16/2020,3/23/2020,0,0,3/24/2020,2/13/2021,0,0,0,0,0,0,0,0,0,0,6/18/2020,2/13/2021,0,0,0,4/13/2020,5/27/2020,2/8/2021,4/13/2020,1,3/27/2020,3/20/2020,0,4/16/2020,3/28/2020,0,0,0,1,1,1,0,0,1,1,1,0,3/11/2020,0,7/22/2020,0,0,1,0,3/23/2020,5/10/2020,0,0,0,0,4/6/2020,0,0,0,1,0,1,0,740,1340,26,39,5/3/2020,12/19/2020,5,152,172,8/2/2020,10/31/2020,2962,1,0,0,7800,35000,0.1,9,$372.82 ,0,0,0,0,0,0,0,0,1,64.54,5611179,86936,"7,977",3.4,9.6,33.9,"44,745",250.7,1,1,0,0,0,0,0,11/2/2020,0,0,0,0,0,$10.00 ,$10.00 ,$10.00 ,$10.00 ,$10.00 ,$8.15 ,$10.08 ,1
Mississippi,MS,28,3/14/2020,0,3/20/2020,0,0,3/24/2020,4/3/2020,0,4/27/2020,4/3/2020,5/7/2020,4/27/2020,0,8/5/2020,0,0,0,1,5/7/2020,9/30/2020,0,1,3/19/2020,0,1,4/3/2020,5/7/2020,0,4/3/2020,5/11/2020,4/3/2020,6/1/2020,4/3/2020,6/1/2020,5/11/2020,0,4/27/2020,6/15/2020,0,0,0,0,0,0,0,0,0,0,0,0,0,0,0,0,3/3/2021,1A,1A,1A,1A,1A,1A,1B,1B,^,^,^,1B,1B,1B,1B,^,^,^,^,^,^,^,1,0,0,0,0,0,4/3/2020,6/1/2020,0,0,0,0,0,0,0,0,0,0,0,0,4/3/2020,6/1/2020,0,0,0,0,0,0,0,0,0,0,3/15/2020,5/27/2020,0,0,0,3/27/2020,6/1/2020,0,4/10/2020,0,3/23/2020,0,0,3/16/2020,4/10/2020,0,0,0,1,0,1,1,0,1,0,1,1,3/12/2020,0,0,0,1,0,0,3/19/2020,4/27/2020,0,12/15/2020,1/22/2021,0,3/21/2020,12/27/2020,1,2,1,0,0,0,235,835,26,39,5/17/2020,12/19/2020,7,125,143,0,0,1200,2,420,0,Max Benefit < $300,14000,0,5.4,$184.37 ,1,0,0,0,0,3/30/2020,0,0,0,61.66,2986530,48432,"1,184",7.1,19.7,42.5,"32,301",159,1,1,1,0,0,0,0,0,3/16/2020,5/21/2020,0,0,0,$7.25 ,$7.25 ,$7.25 ,$7.25 ,$7.25 ,$2.13 ,$7.25 ,0
Missouri,MO,29,3/13/2020,0,3/23/2020,0,0,3/23/2020,4/6/2020,0,5/4/2020,4/3/2020,0,5/4/2020,1,0,0,0,0,0,0,0,0,1,4/14/2020,0,1,3/23/2020,5/4/2020,0,4/3/2020,5/4/2020,4/3/2020,0,3/23/2020,5/4/2020,5/4/2020,5/27/2020,5/4/2020,0,0,0,0,0,0,0,0,0,0,0,0,0,0,0,0,0,3/3/2021,1A,1A,1A,1A,1A,1A,1B,1B,1B,3,2,1B,1B,1B,1B,2,1B,1B,1B,1B,3,3,0,0,0,0,0,1,0,0,0,0,0,0,0,0,0,0,0,0,0,0,0,0,0,0,0,0,0,0,0,0,0,0,0,0,0,0,0,3/30/2020,5/15/2020,0,0,0,3/25/2020,0,0,3/26/2020,3/23/2020,1,1,1,1,0,1,1,1,1,0,1,1,3/12/2020,0,6/25/2020,1,0,0,0,0,0,0,0,0,0,3/18/2020,7/5/2020,1,2,1,0,0,0,320,920,20,26,5/31/2020,10/10/2020,7.2,225,240,0,0,2250,2,750,0,15000,11500,0,5.4,$238.50 ,0,0,0,0,0,0,0,0,0,87.89,6126452,69707,"6,179",4.2,13.2,40.5,"63,117",193.7,1,0,0,1,0,0,0,10/21/2020,3/17/2020,6/1/2020,0,0,0,$9.45 ,$9.45 ,$9.45 ,$9.45 ,$9.45 ,$4.73 ,$10.30 ,1
Montana,MT,30,3/12/2020,0,3/16/2020,0,0,3/15/2020,3/28/2020,0,4/26/2020,3/28/2020,11/20/2020,4/27/2020,0,0,0,0,0,0,7/15/2020,2/12/2021,0,1,4/27/2020,4/27/2020,1,3/20/2020,5/4/2020,0,3/20/2020,5/15/2020,3/20/2020,5/15/2020,3/20/2020,5/4/2020,4/27/2020,4/26/2020,4/27/2020,1/15/2021,0,0,0,0,0,0,0,0,0,0,0,0,0,0,3/30/2020,6/1/2020,3/2/2021,1A,1A,1A,1A,1A,1A,1C,1C,1C,1C,1C,1B,1B,1B,1C,1C,1C,1C,1C,1C,2,2,1,0,0,0,0,0,3/30/2020,5/25/2020,0,0,0,0,3/30/2020,5/25/2020,0,0,0,0,0,0,3/30/2020,5/25/2020,0,0,4/13/2020,5/25/2020,0,0,0,0,0,0,3/30/2020,5/25/2020,0,0,0,4/1/2020,6/26/2020,0,4/10/2020,1,3/30/2020,0,0,3/20/2020,3/19/2020,0,0,0,1,1,1,0,0,1,1,1,0,3/13/2020,0,0,1,0,0,0,0,0,0,0,0,0,3/17/2020,0,1,2,1,0,0,0,552,1152,28,41,5/3/2020,11/14/2020,5.8,166,161,0,0,2982,2,994,0,15789.47,34100,0,6.12,$345.61 ,0,0,0,0,0,0,0,0,1,7.22,1062305,147040,"1,357",3.5,13,39,"9,992",295.3,1,1,0,0,0,2,0,0,3/20/2020,5/4/2020,0,0,0,$8.65 ,$8.65 ,$8.65 ,$8.65 ,$8.65 ,$4.00 ,$8.75 ,1
Nebraska,NE,31,3/13/2020,0,4/3/2020,0,0,0,0,0,0,4/9/2020,0,6/1/2020,0,0,0,0,0,0,5/4/2020,0,5/29/2020,1,3/19/2020,3/19/2020,1,4/3/2020,6/1/2020,0,4/3/2020,0,4/9/2020,6/22/2020,4/3/2020,6/22/2020,6/1/2020,5/4/2020,0,0,0,0,0,0,0,0,0,0,0,0,0,0,0,0,0,0,2/22/2021,1A,1A,1A,1A,1A,1A,1B,1B,1B,1C,1C,1B,1B,1B,1B,1B,1B,1B,1B,1B,2,2,0,0,0,1,0,0,3/25/2020,5/31/2020,0,0,0,0,0,0,0,0,3/25/2020,5/31/2020,0,0,0,0,0,0,3/25/2020,5/31/2020,0,0,0,0,0,0,3/24/2020,8/15/2020,0,0,0,4/7/2020,6/16/2020,3/10/2021,0,0,4/2/2020,0,0,3/23/2020,3/17/2020,0,0,0,1,1,1,1,0,1,1,1,1,3/16/2020,0,0,1,0,0,0,4/3/2020,5/4/2020,0,0,0,0,3/17/2020,1,1,2,1,0,0,0,440,1040,26,39,6/14/2020,9/12/2020,5.2,168,179,0,0,4324,2,800,0,31200,9000,0,5.4,$290.86 ,1,0,0,0,0,0,0,0,1,24.94,1929268,77348,2365,3.5,11,36.6,"16,904",254.7,1,1,0,0,0,2,1,10/23/2020,0,0,0,0,0,$9.00 ,$9.00 ,$9.00 ,$9.00 ,$9.00 ,$2.13 ,$9.00 ,1
Nevada,NV,32,3/12/2020,0,3/16/2020,0,0,0,3/31/2020,0,5/9/2020,3/21/2020,0,5/9/2020,0,6/26/2020,0,1,1,0,5/9/2020,0,0,0,0,0,1,3/21/2020,5/9/2020,0,3/21/2020,5/29/2020,3/21/2020,5/29/2020,3/21/2020,5/29/2020,5/9/2020,5/29/2020,5/9/2020,0,7/10/2020,0,0,0,0,0,0,0,0,0,0,0,0,0,0,0,1/12/2021,1A,1A,1A,1A,1A,1A,1B,1B,1B,2,1C,1B,1C,1C,1B,1B,1B,1B,1B,1B,1B,2,0,0,0,0,0,1,3/30/2020,10/15/2020,12/15/2020,0,0,0,3/30/2020,10/15/2020,12/15/2020,0,3/30/2020,9/1/2020,12/15/2020,0,3/30/2020,9/1/2020,12/15/2020,0,12/15/2020,0,0,0,0,0,12/15/2020,0,0,0,0,0,0,4/7/2020,7/10/2020,0,5/13/2020,1,4/7/2020,3/17/2020,0,3/17/2020,3/17/2020,1,1,1,1,0,1,1,1,1,0,1,1,3/7/2020,3/16/2020,0,0,0,0,1,0,0,0,0,0,0,3/18/2020,0,1,1,0,0,0,0,469,1069,26,39,5/3/2020,0,-,-,-,6/7/2020,1/16/2021,600,2,200,0,11250,32500,0.25,5.4,$333.17 ,0,0,0,0,0,0,4/8/2020,1,1,27.44,3034392,110572,"7,169",5.6,12.9,36.1,"24,715",211.6,1,1,0,0,0,1,0,0,3/17/2020,6/4/2020,0,0,0,$8.25 ,$8.25 ,$9.00 ,$9.00 ,$9.00 ,$8.00 ,$8.00 ,1
New Hampshire,NH,33,3/13/2020,0,3/16/2020,0,0,3/16/2020,3/28/2020,0,6/16/2020,3/28/2020,0,5/11/2020,0,11/20/2020,0,0,0,0,5/1/2020,0,0,1,3/18/2020,3/18/2020,1,3/16/2020,5/18/2020,0,3/28/2020,6/1/2020,3/28/2020,6/29/2020,3/16/2020,6/15/2020,5/11/2020,5/29/2020,5/11/2020,0,0,0,0,0,0,0,0,0,0,0,0,0,0,11/15/2020,0,0,1/16/2021,1A,1A,1A,1A,1A,1A,1A,1A,1B,3B,3B,1B,1B,3A,2A,3B,3B,3B,3B,3B,3B,3B,1,0,0,1,0,1,3/17/2020,7/1/2020,0,0,0,0,3/17/2020,7/1/2020,0,0,0,0,0,0,3/17/2020,7/1/2020,0,0,0,0,0,0,3/27/2020,2/23/2021,9/8/2020,0,3/17/2020,0,0,0,0,4/1/2020,5/12/2020,0,4/13/2020,0,3/23/2020,0,0,3/18/2020,3/17/2020,0,0,0,1,1,1,0,0,1,0,1,0,3/16/2020,3/16/2020,8/10/2020,0,1,0,0,0,0,0,0,0,0,3/17/2020,0,0,0,1,1,1,0,427,1027,26,39,5/10/2020,12/5/2020,5.5,212,220,7/5/2020,10/10/2020,2800,2,1400,0,27272.73,14000,0.1,7.5,$260.53 ,0,0,0,0,0,4/6/2020,0,0,1,145.09,1356458,9349,"1,396",3.6,7.6,40.5,"12,774",307.3,1,0,0,1,0,0,0,0,0,0,0,0,0,$7.25 ,$7.25 ,$7.25 ,$7.25 ,$7.25 ,$3.26 ,$7.25 ,0
New Jersey,NJ,34,3/9/2020,0,3/18/2020,3/18/2020,6/15/2020,6/19/2020,3/21/2020,0,6/9/2020,3/21/2020,11/10/2020,5/18/2020,0,4/8/2020,0,1,1,0,4/8/2020,0,0,1,3/21/2020,3/30/2020,1,3/16/2020,6/15/2020,1,3/16/2020,9/1/2020,3/16/2020,9/4/2020,3/16/2020,6/15/2020,6/22/2020,6/9/2020,6/15/2020,2/5/2021,0,0,0,0,0,0,0,0,0,0,0,0,0,0,0,0,12/28/2020,1A,1A,1A,1A,1A,1A,1B,1B,^,^,^,1B,1C,1C,^,^,^,^,^,^,^,2,1,0,0,0,1,0,3/16/2020,1/31/2021,0,0,0,0,0,0,0,0,3/16/2020,1/31/2021,0,0,3/19/2020,1/31/2021,0,0,0,0,0,0,3/27/2020,7/25/2020,0,0,4/13/2020,0,0,4/13/2020,0,3/25/2020,5/8/2020,0,4/13/2020,1,3/23/2020,0,0,3/22/2020,3/20/2020,1,1,0,1,1,1,1,0,0,0,0,0,3/14/2020,0,0,0,1,0,0,3/27/2020,5/26/2020,0,0,0,1,0,0,1,1,1,0,1,0,713,1313,26,39,5/3/2020,0,-,-,-,7/5/2020,0,4400,2,0,0,26000,35300,0.4,5.4,$395.10 ,0,0,0,0,0,0,0,1,1,"1,021.27",8908520,8723,"8,862",4.9,9.5,34.6,"75,765",220.7,1,0,0,0,0,1,0,0,3/16/2020,6/26/2020,0,0,0,$11.00 ,$11.00 ,$11.00 ,$11.00 ,$11.00 ,$3.13 ,$12.00 ,0
New Mexico,NM,35,3/11/2020,0,3/16/2020,0,0,3/13/2020,3/24/2020,0,0,3/24/2020,10/16/2020,5/16/2020,1,5/15/2020,0,0,0,1,5/6/2020,0,0,0,0,0,0,3/20/2020,5/27/2020,1,3/19/2020,6/1/2020,3/19/2020,0,3/19/2020,0,6/1/2020,5/16/2020,5/16/2020,11/13/2020,0,0,0,11/16/2020,11/16/2020,7/13/2020,8/29/2020,0,0,0,0,11/16/2020,12/2/2020,9/4/2020,7/1/2020,2/11/2021,1/28/2021,1A,1A,1A,1A,1A,1A,1B,1B,1A,1B,1B,1B,1C,1B,1B,2,1B,1B,1B,1B,1C,2,0,1,0,0,0,0,3/24/2020,1/31/2021,0,0,0,0,0,0,0,0,0,0,0,0,3/24/2020,1/31/2021,0,0,0,0,0,0,0,0,0,0,3/19/2020,2/6/2021,0,0,0,3/27/2020,4/28/2020,1/28/2021,0,1,3/23/2020,0,0,3/20/2020,3/20/2020,0,0,0,1,1,1,1,0,1,1,1,1,3/12/2020,3/16/2020,0,1,0,0,0,3/27/2020,4/30/2020,0,12/11/2020,2/5/2021,0,3/15/2020,0,1,1,1,0,0,0,511,1111,26,39,5/17/2020,0,-,-,-,0,0,2089.72,2,1,0,7289.72,25800,0.33,5.4,$315.11 ,0,0,0,0,0,0,0,0,1,17.23,2095428,121590,"3,241",6.1,19.5,39.4,"19,007",388.8,1,1,0,0,0,0,2,10/20/2020,3/16/2020,0,0,0,1,$9.00 ,$9.00 ,$9.00 ,$9.00 ,$9.00 ,$2.35 ,$10.50 ,0
New York,NY,36,3/7/2020,0,3/18/2020,0,0,3/13/2020,3/22/2020,0,6/27/2020,3/22/2020,11/13/2020,6/8/2020,1,4/17/2020,0,1,0,0,4/17/2020,0,0,1,3/16/2020,3/16/2020,0,3/17/2020,6/22/2020,1,3/16/2020,0,3/16/2020,3/5/2021,3/16/2020,0,6/22/2020,6/22/2020,6/8/2020,3/16/2021,0,0,0,0,0,0,0,0,0,0,0,0,0,6/25/2020,0,0,3/3/2021,1A,1A,1A,1A,1A,1A,1B,1B,1B,1B,1B,1B,1B,^,1B,1B,1B,^,1B,^,^,^,0,1,1,1,1,1,3/16/2020,0,0,0,0,0,3/22/2020,7/7/2020,0,0,3/16/2020,10/12/2020,12/28/2020,2/27/2021,3/16/2020,1/31/2021,0,0,6/20/2020,0,0,0,0,0,0,0,6/17/2020,1/31/2021,0,6/17/2020,1/31/2021,4/1/2020,5/6/2020,0,0,1,3/26/2020,3/16/2020,0,3/15/2020,3/1/2020,0,0,0,0,0,1,1,0,0,0,0,0,3/14/2020,0,8/5/2020,1,0,0,0,3/20/2020,6/8/2020,0,0,0,0,3/12/2020,0,0,0,0,0,0,0,504,1104,26,39,5/3/2020,0,-,-,-,7/5/2020,0,3900,2,1300,0,11250,11600,0,6.9,$333.83 ,0,0,0,0,3/27/2020,0,0,0,1,358.21,19542209,54555,"92,091",5,13.6,36.9,"157,183",291.1,1,1,0,0,0,0,2,10/27/2020,3/16/2020,9/9/2020,0,0,1,$11.80 ,$11.80 ,$11.80 ,$11.80 ,$11.80 ,$7.85 ,$12.50 ,0
North Carolina,NC,37,3/10/2020,0,3/16/2020,0,0,3/25/2020,3/30/2020,0,5/22/2020,3/30/2020,12/11/2020,5/8/2020,1,6/26/2020,0,0,1,0,6/26/2020,0,0,1,3/17/2020,3/17/2020,1,3/18/2020,5/22/2020,0,3/25/2020,9/4/2020,3/25/2020,0,3/17/2020,10/2/2020,5/22/2020,5/16/2020,5/8/2020,2/28/2021,0,0,0,0,0,0,0,0,0,0,0,0,0,0,0,0,3/1/2021,1,1,1,1,1,1,3,3,3,4,4,2,2,4,3,3,3,3,3,3,4,5,1,0,0,0,0,0,3/16/2020,6/21/2020,10/28/2020,0,0,0,5/30/2020,6/20/2020,0,0,3/16/2021,6/21/2020,0,0,5/30/2020,7/30/2020,0,0,0,0,0,0,3/27/2020,1/13/2021,10/30/2020,4/1/2021,3/19/2020,9/1/2020,0,0,0,3/27/2020,4/16/2020,2/1/2021,4/13/2020,0,3/23/2020,0,0,0,3/23/2020,0,0,0,1,1,1,1,0,1,1,1,1,3/13/2020,0,0,0,1,0,0,0,0,5/1/2020,0,0,0,3/17/2020,0,1,1,1,1,0,0,350,950,12,25,5/17/2020,0,-,-,-,7/5/2020,10/10/2020,5602,2,1,1,15600,25200,0.06,5.76,$210.98 ,0,0,0,0,0,0,0,0,0,192.94,10383620,53819,"9,314",5,14,39,"93,885",243.6,1,1,0,0,0,0,0,10/27/2020,0,0,0,0,0,$7.25 ,$7.25 ,$7.25 ,$7.25 ,$7.25 ,$2.13 ,$7.25 ,0
North Dakota,ND,38,3/13/2020,0,3/16/2020,0,0,4/6/2020,0,0,0,3/20/2020,11/16/2020,5/1/2020,0,11/14/2020,0,0,0,0,4/28/2020,1/18/2021,0,1,0,0,1,3/21/2020,5/1/2020,0,3/20/2020,5/1/2020,3/20/2020,5/1/2020,3/20/2020,5/1/2020,5/1/2020,0,5/1/2020,12/22/2020,0,0,0,0,0,0,0,0,0,0,0,0,0,3/28/2020,0,9/21/2020,12/31/2020,1A,1A,1A,1A,1A,1A,1A,1A,1B,1B,1B,1B,1B,1C,1B,^,1C,1C,1C,1C,^,^,1,0,0,0,0,0,3/26/2020,4/22/2020,0,0,0,0,0,0,0,0,3/26/2020,4/22/2020,0,0,0,0,0,0,0,0,0,0,0,0,0,0,0,0,0,0,0,4/1/2020,5/1/2020,3/10/2021,0,1,3/24/2020,0,0,3/20/2020,3/20/2020,0,0,0,1,0,0,1,0,1,0,0,1,3/12/2020,3/12/2020,6/27/2020,0,1,0,0,0,0,0,0,0,0,4/1/2020,0,1,2,1,0,0,0,618,1218,26,39,5/31/2020,10/3/2020,6.3,263,242,0,0,2795,2,932,0,19500,37900,0.08,9.69,$463.06 ,0,0,0,0,0,0,0,0,1,10.75,760077,70698,557,2.8,10.7,34.6,"6,445",188.4,1,1,0,0,0,0,1,0,0,0,0,0,0,$7.25 ,$7.25 ,$7.25 ,$7.25 ,$7.25 ,$4.86 ,$7.25 ,0
Ohio,OH,39,3/9/2020,0,3/17/2020,3/26/2020,5/31/2020,3/11/2020,3/24/2020,0,5/20/2020,3/24/2020,11/19/2020,5/4/2020,1,7/23/2020,0,0,0,1,4/29/2020,0,0,1,4/7/2020,4/7/2020,1,3/16/2020,5/15/2020,1,3/17/2020,5/22/2020,3/17/2020,6/10/2020,3/15/2020,5/15/2020,5/15/2020,0,5/12/2020,2/11/2021,0,0,0,0,0,0,0,0,0,0,0,0,0,0,0,0,3/1/2021,1A,1A,1A,1A,1A,1A,1C,1C,1C,^,^,1B,1B,1C,1B,^,^,^,^,^,^,^,1,0,0,0,0,0,0,0,0,0,0,0,0,0,0,0,0,0,0,0,0,0,0,0,0,0,0,0,0,0,0,0,3/31/2020,7/10/2020,0,0,0,3/26/2020,5/11/2020,1/15/2021,4/13/2020,1,4/22/2020,0,0,3/19/2020,3/9/2020,0,0,0,1,1,1,1,0,1,1,1,1,3/10/2020,0,7/8/2020,0,1,0,0,3/18/2020,5/1/2020,0,0,0,0,3/16/2020,0,1,1,1,1,0,0,647,1247,26,39,5/10/2020,12/26/2020,6.7,163,152,6/7/2020,12/12/2020,5390,2,1,0,31200,9000,0.3,9.4,$320.75 ,1,0,0,0,0,0,0,0,1,260.77,11689442,44826,"10,345",4.9,13.9,39.8,"124,264",245.1,1,0,0,0,0,0,0,10/31/2020,0,0,0,0,0,$8.70 ,$8.70 ,$8.70 ,$8.70 ,$8.70 ,$4.35 ,$8.80 ,1
Oklahoma,OK,40,3/15/2020,0,3/17/2020,0,0,3/24/2020,0,4/1/2020,5/15/2020,4/1/2020,11/19/2020,4/24/2020,0,0,0,0,0,0,0,0,0,1,3/23/2020,3/24/2020,1,4/1/2020,5/1/2020,0,4/1/2020,5/1/2020,4/1/2020,5/1/2020,4/1/2020,5/15/2020,4/24/2020,5/1/2020,4/24/2020,1/14/2021,0,0,0,0,0,0,0,0,0,0,0,0,0,3/29/2020,0,5/12/2020,12/10/2020,1,1,2,2,1,1,2,2,2,2,2,2,2,2,2,3,3,3,3,3,4,4,1,0,0,0,0,0,0,0,0,0,0,0,0,0,0,0,0,0,0,0,0,0,0,0,0,0,0,0,3/27/2020,1/13/2021,0,0,0,0,0,0,0,3/30/2020,6/25/2020,0,4/13/2020,0,3/24/2020,0,0,3/25/2020,3/16/2020,0,0,0,1,0,1,0,0,1,0,1,0,3/13/2020,0,7/30/2020,0,1,0,0,3/24/2020,4/30/2020,0,0,0,0,3/21/2020,10/25/2020,1,1,0,0,0,0,539,1139,26,39,5/31/2020,12/12/2020,5.7,173,178,0,0,1500,2,500,0,10350,18700,0.1,5.5,$336.19 ,1,0,0,0,0,0,0,0,0,56.41,3943079,69899,"3,944",4.4,15.6,40.8,"40,933",401.4,1,1,0,1,0,0,0,10/27/2020,0,0,0,0,0,$7.25 ,$7.25 ,$7.25 ,$7.25 ,$7.25 ,$2.13 ,$7.25 ,1
Oregon,OR,41,3/8/2020,0,3/16/2020,3/25/2020,5/16/2020,3/16/2020,3/23/2020,0,6/19/2020,3/23/2020,0,5/15/2020,0,7/1/2020,0,0,0,1,5/9/2020,0,0,1,3/19/2020,3/19/2020,1,3/18/2020,6/19/2020,0,3/24/2020,6/19/2020,3/24/2020,1/29/2021,3/17/2020,6/19/2020,6/19/2020,5/15/2020,5/15/2020,0,11/18/2020,11/18/2020,0,0,11/18/2020,11/18/2020,0,0,0,0,0,0,0,0,0,0,2/26/2021,1A,1A,1A,1A,1A,1A,1B,1B,1A,2,1B,1B,1B,1B,1B,1B,1B,1B,1B,1B,2,2,0,0,0,0,0,0,3/19/2020,7/2/2020,10/1/2020,3/4/2021,0,0,4/1/2020,7/1/2020,10/1/2020,3/4/2021,3/19/2020,7/2/2020,0,0,3/22/2020,6/21/2020,0,0,12/23/2020,0,0,0,0,0,0,0,0,0,0,0,0,4/6/2020,4/29/2020,0,4/13/2020,1,3/25/2020,0,0,3/13/2020,3/13/2020,0,0,0,1,1,1,1,0,1,1,1,1,3/13/2020,3/13/2020,0,1,0,0,0,3/23/2020,5/1/2020,0,0,0,0,11/20/2020,1/3/2021,1,1,1,0,1,0,648,1248,26,39,5/10/2020,2/20/2021,-,-,-,7/5/2020,12/12/2020,1000,2,333,0,24000,42100,0.7,5.4,$362.93 ,0,0,0,0,0,0,0,1,1,42.6,4190713,98379,"15,876",5,12.6,39.8,"36,187",522.3,1,1,0,0,1,0,0,0,0,0,0,0,0,$11.25 ,$11.25 ,$12.00 ,$12.00 ,$12.00 ,$11.50 ,$12.00 ,0
Pennsylvania,PA,42,3/6/2020,0,3/16/2020,3/17/2020,6/5/2020,3/17/2020,4/1/2020,0,6/5/2020,3/21/2020,0,6/5/2020,1,7/1/2020,0,0,1,0,4/19/2020,0,0,1,3/18/2020,0,1,3/18/2020,6/5/2020,1,3/21/2020,7/3/2020,3/21/2020,7/3/2020,3/18/2020,6/5/2020,7/3/2020,0,6/5/2020,0,7/16/2020,7/16/2020,12/12/2020,0,12/12/2020,12/12/2020,1/4/2021,0,1/4/2021,1/4/2021,0,0,0,0,11/20/2020,0,1/19/2021,1A,1A,1A,1A,1A,1A,1B,1B,1B,1B,1B,1A,1A,1A,1B,1B,1B,1B,1B,1B,1C,2,1,0,0,0,0,1,3/19/2020,9/1/2020,0,0,0,0,5/11/2020,9/1/2020,0,0,3/19/2020,5/11/2020,0,0,3/19/2020,5/11/2020,0,0,0,0,0,0,3/27/2020,8/25/2020,0,0,3/13/2020,11/9/2020,0,0,0,4/2/2020,5/6/2020,3/10/2021,4/10/2020,1,3/27/2020,0,0,3/15/2020,3/20/2020,1,1,0,1,0,1,1,0,0,0,0,1,3/13/2020,0,0,0,1,0,0,3/21/2020,4/27/2020,0,0,0,0,3/27/2020,0,1,1,1,0,0,0,572,1172,26,39,5/3/2020,0,-,-,-,0,0,2718,2,1006,0,12068.35,10000,1.29,9.93,$329.27 ,1,3/25/2020,3/18/2020,0,10/24/2019,0,0,0,1,278.09,12807060,46054,"13,199",4.9,12.2,39.8,"134,702",206.2,1,0,0,0,0,0,0,10/27/2020,3/17/2020,6/9/2020,12/12/2020,1/4/2021,0,$7.25 ,$7.25 ,$7.25 ,$7.25 ,$7.25 ,$2.83 ,$7.25 ,0
Rhode Island,RI,44,3/9/2020,0,0,3/16/2020,6/1/2020,3/13/2020,3/28/2020,0,5/9/2020,3/30/2020,11/8/2020,5/9/2020,0,4/18/2020,0,0,0,1,4/18/2020,0,0,1,5/8/2020,0,1,3/18/2020,5/18/2020,1,3/23/2020,6/1/2020,3/23/2020,6/30/2020,3/17/2020,6/1/2020,6/1/2020,5/30/2020,5/9/2020,1/29/2021,11/30/2020,0,11/30/2020,0,11/30/2020,0,0,0,12/21/2020,12/21/2020,0,0,0,3/26/2020,3/28/2020,0,1/28/2021,1A,1A,1A,1D,1A,1A,1C,1C,1C,^,^,1E,^,^,^,^,^,^,^,^,^,^,1,0,0,0,0,0,3/17/2020,6/2/2020,0,0,0,0,4/8/2020,6/2/2020,0,0,3/17/2020,7/2/2020,0,0,0,0,0,0,0,0,0,0,6/2/2020,7/29/2020,9/4/2020,0,3/17/2020,10/1/2020,0,0,0,3/25/2020,4/10/2020,12/28/2020,4/13/2020,1,3/25/2020,3/14/2020,0,3/18/2020,3/18/2020,0,0,1,1,1,1,1,1,1,1,1,1,3/11/2020,0,0,0,0,1,0,0,0,0,0,0,0,3/12/2020,0,1,1,1,1,1,0,732,1332,26,39,4/26/2020,0,-,-,-,6/7/2020,2/20/2021,4200,2,1400,0,15584.42,24000,0.9,9.4,$311.44 ,0,4/13/2020,0,4/13/2020,0,0,0,1,1,684.35,1057315,1545,"1,055",5.5,12.9,38.3,"10,083",409.5,1,1,0,0,0,0,2,10/13/2020,3/22/2020,6/8/2020,11/30/2020,12/21/2020,0,$10.50 ,$10.50 ,$10.50 ,$10.50 ,$11.50 ,$3.89 ,$11.50 ,0
South Carolina,SC,45,3/13/2020,0,3/16/2020,0,0,3/15/2020,4/7/2020,0,5/4/2020,4/1/2020,0,4/20/2020,1,0,0,1,1,0,8/3/2020,0,0,1,3/21/2020,0,1,3/19/2020,5/4/2020,1,4/1/2020,5/18/2020,4/1/2020,8/3/2020,3/18/2020,5/4/2020,5/18/2020,0,4/20/2020,0,0,0,0,0,0,0,0,0,0,0,0,0,0,3/27/2020,0,5/4/2020,3/2/2021,1A,1A,1A,1A,1A,1A,1B,1B,1B,1B,1B,1A,1A,1B,1B,1B,1B,1B,1B,1B,1C,2,1,0,0,0,0,1,3/17/2020,5/15/2020,0,0,0,0,3/18/2020,5/15/2020,0,0,3/18/2020,5/15/2020,0,0,3/17/2020,5/15/2020,0,0,0,0,0,0,5/15/2020,1/31/2021,0,0,3/18/2020,5/14/2020,0,3/18/2020,5/14/2020,3/24/2020,6/17/2020,2/5/2021,4/10/2020,0,3/30/2020,0,0,3/19/2020,3/15/2020,0,0,0,1,1,1,1,0,0,0,0,0,3/12/2020,0,0,0,1,0,0,0,0,0,0,0,0,3/19/2020,0,1,1,0,0,0,0,326,926,20,33,5/24/2020,12/12/2020,5.3,221,161,7/5/2020,10/10/2020,4455,2,1485,0,11700,14000,0,5.4,$227.42 ,0,0,0,0,0,0,0,0,0,158.78,5084127,32020,"4,172",5.3,15.3,41.4,"50,640",174.1,1,1,0,1,0,0,0,10/30/2020,4/1/2020,5/22/2020,0,0,0,$7.25 ,$7.25 ,$7.25 ,$7.25 ,$7.25 ,$2.13 ,$7.25 ,0
South Dakota,SD,46,3/13/2020,0,3/16/2020,0,0,0,0,0,0,0,0,0,0,0,0,0,0,0,0,0,0,1,0,0,1,0,0,0,0,0,0,0,0,0,0,0,0,0,0,0,0,0,0,0,0,0,0,0,0,0,0,0,0,0,3/3/2021,1A,1A,1C,1C,1B,1C,1E,1C,1C,2,2,1D,1D,1D,1D,1D,1E,1E,1E,1E,2,2,1,0,0,0,0,0,0,0,0,0,0,0,0,0,0,0,0,0,0,0,0,0,0,0,0,0,0,0,0,0,0,0,0,0,0,0,0,4/9/2020,6/22/2020,0,0,1,3/24/2020,0,0,4/15/2020,3/23/2020,0,0,0,1,1,1,0,0,1,1,1,0,3/12/2020,0,0,0,1,0,0,4/6/2020,4/28/2020,0,0,0,0,3/28/2020,1,1,2,1,0,0,0,414,1014,26,39,0,0,-,-,-,0,0,1288,2,560,0,13800,15000,0,9.3,$292.32 ,0,0,0,0,0,0,0,0,0,11.44,882235,77116,995,3,13.1,35.3,"7,971",179,1,1,0,0,0,0,1,0,0,0,0,0,1,$9.30 ,$9.30 ,$9.30 ,$9.30 ,$9.30 ,$4.65 ,$9.45 ,0
Tennessee,TN,47,3/12/2020,0,3/20/2020,0,0,3/23/2020,4/2/2020,0,4/29/2020,4/1/2020,0,4/27/2020,1,0,0,0,0,0,0,0,0,1,3/23/2020,3/23/2020,1,3/24/2020,4/27/2020,0,3/23/2020,5/1/2020,3/23/2020,5/22/2020,3/23/2020,5/22/2020,5/6/2020,0,4/27/2020,0,0,0,0,0,0,0,0,0,0,0,0,0,0,0,0,0,2/16/2021,1A,1A,1A,1A,1A,1A,1A,1A,2A,3,3,1A,1B,1C,1B,3,2A,2A,3,2B,^,^,1,0,0,0,0,1,3/13/2020,6/1/2020,0,0,0,0,0,0,0,0,3/13/2020,6/1/2020,0,0,0,0,0,0,0,0,0,0,5/26/2020,1/31/2021,0,0,3/27/2020,8/29/2020,0,3/27/2020,8/29/2020,3/24/2020,5/19/2020,1/26/2021,0,1,3/30/2020,0,0,3/19/2020,3/13/2020,0,0,0,1,0,1,1,0,1,0,1,0,3/12/2020,0,0,0,0,1,0,3/24/2020,5/1/2020,0,0,0,0,3/19/2020,0,1,1,1,0,1,0,275,875,26,39,5/31/2020,11/7/2020,8.2,241,234,0,0,1680,2,900,0,Max Benefit < $300,7000,0.01,10,$206.12 ,1,0,0,0,0,0,0,0,0,160.64,6770010,42144,7467,5.5,15.3,41.6,"71,078",153,0,0,1,0,0,0,0,10/27/2020,0,0,0,0,0,$7.25 ,$7.25 ,$7.25 ,$7.25 ,$7.25 ,$2.13 ,$7.25 ,0
Texas,TX,48,3/13/2020,0,3/21/2020,0,0,3/21/2020,0,4/2/2020,5/1/2020,4/2/2020,0,5/1/2020,1,7/3/2020,0,1,0,0,5/8/2020,3/10/2021,4/27/2020,1,3/19/2020,3/19/2020,1,3/21/2020,5/1/2020,0,3/21/2020,5/18/2020,4/2/2020,5/1/2020,3/21/2020,5/29/2020,5/8/2020,0,5/1/2020,0,6/26/2020,6/26/2020,0,0,0,0,0,10/14/2020,0,0,0,0,0,3/26/2020,0,0,12/17/2020,1A,1A,1A,1A,1A,1A,^,^,^,^,^,1B,1B,1B,^,^,^,^,^,^,^,^,1,0,0,0,0,0,3/19/2020,5/28/2020,0,0,0,0,0,0,0,0,3/19/2020,5/19/2020,0,0,3/19/2020,5/28/2020,0,0,0,0,0,0,3/27/2020,7/26/2020,9/17/2020,1/31/2021,0,0,0,0,0,4/6/2020,5/8/2020,3/22/2021,4/10/2020,0,3/30/2020,0,0,3/17/2020,3/17/2020,0,0,0,1,0,1,1,0,0,0,0,0,3/13/2020,3/13/2020,0,0,1,0,0,3/22/2020,5/8/2020,0,0,0,0,3/17/2020,0,1,1,1,1,1,0,521,1121,26,39,5/31/2020,12/26/2020,7.8,223,211,7/5/2020,10/10/2020,2553,2,1,0,11100,9000,0,6,$360.39 ,1,0,0,0,0,0,0,0,0,106.86,28701845,268596,"25,848",4.9,14.9,34.8,"202,211",111.8,1,1,1,0,0,0,0,10/23/2020,0,0,0,0,0,$7.25 ,$7.25 ,$7.25 ,$7.25 ,$7.25 ,$2.13 ,$7.25 ,0
Utah,UT,49,3/6/2020,0,3/16/2020,0,0,0,0,0,0,3/27/2020,0,5/1/2020,0,4/10/2020,11/9/2020,0,0,1,4/10/2020,5/1/2020,0,1,0,0,1,3/20/2020,5/1/2020,0,3/27/2020,5/1/2020,3/27/2020,5/1/2020,3/19/2020,5/1/2020,5/1/2020,5/6/2020,5/1/2020,0,0,0,0,0,0,0,0,0,0,0,0,0,0,0,4/10/2020,5/1/2020,1/25/2021,1A,1A,1A,1A,1A,1A,1B,1B,1B,^,^,1B,^,^,1B,^,^,^,^,^,^,^,1,0,0,0,1,0,4/1/2020,5/16/2020,0,0,0,0,0,0,0,0,0,0,0,0,4/1/2020,5/16/2020,0,0,4/1/2020,5/16/2020,0,0,10/2/2020,1/31/2021,10/2/2020,1/31/2021,0,0,0,0,0,4/15/2020,7/9/2020,0,0,1,4/10/2020,0,0,3/25/2020,3/20/2020,1,1,1,1,1,1,1,1,1,1,1,1,3/12/2020,0,0,0,1,0,0,3/25/2020,4/22/2020,0,0,0,0,4/26/2020,0,0,0,1,0,0,0,580,1180,26,39,6/28/2020,9/26/2020,4.6,177,148,0,0,3900,2,1300,0,11895,36600,0,7,$364.35 ,0,0,0,0,0,0,0,0,1,37.23,3161105,84897,"2,798",3.2,9,30,"18,354",335.5,0,1,0,0,1,0,0,0,0,0,0,0,0,$7.25 ,$7.25 ,$7.25 ,$7.25 ,$7.25 ,$2.13 ,$7.25 ,0
Vermont,VT,50,3/13/2020,0,3/18/2020,3/18/2020,6/1/2020,3/13/2020,3/24/2020,0,5/15/2020,3/25/2020,11/14/2020,4/27/2020,0,8/1/2020,0,0,0,1,4/17/2020,0,0,1,3/20/2020,3/20/2020,1,3/18/2020,5/22/2020,1,3/23/2020,6/1/2020,3/25/2020,6/1/2020,3/17/2020,5/22/2020,5/29/2020,5/23/2020,4/27/2020,4/15/2021,11/15/2020,11/15/2020,0,0,0,0,0,3/24/2021,0,0,0,0,0,6/8/2020,3/30/2020,0,3/2/2021,1A,1A,1A,1A,1A,1A,1A,1A,1C,^,^,1B,1B,1C,1C,^,^,^,^,^,^,^,1,0,0,0,0,0,3/17/2020,1/31/2021,0,0,0,0,5/14/2020,1/31/2021,0,0,3/17/2020,1/31/2021,0,0,5/14/2020,1/31/2021,0,0,0,0,0,0,3/27/2020,1/31/2021,0,0,3/18/2020,10/15/2020,12/22/2020,0,0,3/27/2020,5/4/2020,1/15/2021,0,1,3/30/2020,3/20/2020,0,3/20/2020,3/30/2020,0,0,0,1,0,1,1,0,1,0,1,1,3/13/2020,0,0,1,0,0,0,3/20/2020,5/4/2020,0,0,0,0,4/15/2020,0,1,1,1,0,1,0,513,1113,26,39,5/3/2020,12/19/2020,3.5,146,146,7/5/2020,10/10/2020,4019,2,1148,0,13500,16100,0.8,6.5,$336.46 ,0,0,0,0,0,0,0,1,1,65.13,626299,9616,"1,089",3.8,11,39.1,"6,027",452.3,0,0,0,0,0,2,2,0,0,0,0,0,0,$10.96 ,$10.96 ,$10.96 ,$10.96 ,$10.96 ,$5.46 ,$11.75 ,1
Virginia,VA,51,3/12/2020,0,3/16/2020,0,0,0,3/30/2020,0,5/29/2020,3/25/2020,12/14/2020,5/29/2020,0,5/29/2020,0,0,1,0,5/29/2020,0,0,1,3/16/2020,3/19/2020,1,3/26/2020,5/29/2020,1,3/25/2020,6/12/2020,3/25/2020,7/1/2020,3/25/2020,5/29/2020,5/29/2020,5/29/2020,5/29/2020,2/28/2021,0,0,0,0,0,0,0,0,0,0,0,0,0,0,0,0,3/3/2021,1A,1A,1A,1A,1A,1A,1B,1B,1B,1B,1B,1B,1B,1B,1B,1C,1B,1B,1B,1B,1C,2,0,0,0,0,0,1,3/16/2020,5/18/2020,6/8/2020,6/29/2020,8/10/2020,9/8/2020,0,0,0,0,3/16/2020,5/18/2020,6/8/2020,6/29/2020,0,0,0,0,0,0,0,0,0,0,0,0,3/16/2020,10/6/2020,0,0,0,3/24/2020,4/25/2020,3/2/2021,4/13/2020,1,3/23/2020,0,0,3/19/2020,3/19/2020,0,0,0,1,1,1,1,0,1,1,1,1,3/13/2020,3/13/2020,0,1,0,0,0,3/25/2020,5/1/2020,0,0,0,0,3/17/2020,0,1,1,1,0,0,0,378,978,26,39,5/31/2020,11/21/2020,5.9,219,203,0,0,3000,1,0,0,15000,8000,0.1,6.2,$268.11 ,0,0,0,0,0,0,0,0,1,199.13,8517685,42775,"5,783",4.2,10.7,35.9,"69,359",171.9,0,1,0,0,0,0,0,10/23/2020,0,0,0,0,0,$7.25 ,$7.25 ,$7.25 ,$7.25 ,$7.25 ,$2.13 ,$7.25 ,1
Washington,WA,53,2/29/2020,0,3/17/2020,0,0,3/16/2020,3/23/2020,0,6/1/2020,3/25/2020,0,6/1/2020,0,6/26/2020,0,1,1,0,5/4/2020,0,0,1,3/24/2020,3/24/2020,0,3/16/2020,7/3/2020,0,3/16/2020,8/27/2020,3/16/2020,0,3/17/2020,7/3/2020,7/3/2020,6/1/2020,7/3/2020,0,11/18/2020,11/18/2020,0,0,11/16/2020,11/18/2020,0,0,0,0,0,0,0,0,0,0,1/18/2021,1A,1A,1A,1A,1A,1A,1B,1B,1B,1B,1B,1B,1B,2,1B,2,1B,1B,1B,2,3,4,0,0,0,1,1,0,3/18/2020,0,0,0,0,0,3/18/2020,0,0,0,0,0,0,0,3/18/2020,0,0,0,0,0,0,0,0,0,0,0,3/23/2020,0,0,3/23/2020,0,3/27/2020,5/22/2020,2/23/2021,0,1,3/19/2020,3/10/2020,0,3/25/2020,3/25/2020,1,0,0,1,1,1,1,0,1,1,1,1,3/13/2020,0,0,0,1,0,0,3/19/2020,5/18/2020,0,0,0,0,3/18/2020,1/3/2021,1,1,1,0,0,0,790,1390,26,39,5/3/2020,0,-,-,-,6/7/2020,12/12/2020,.,2,1,0,15584.42,52700,0,5.4,$402.28 ,0,0,0,0,0,0,0,1,1,105.69,7535591,71298,21577,4.3,10.3,35,56877,373.3,1,1,0,0,1,0,0,0,0,0,0,0,0,$13.50 ,$13.50 ,$13.50 ,$13.50 ,$13.50 ,$13.50 ,$13.69 ,0
West Virginia,WV,54,3/16/2020,0,3/16/2020,3/26/2020,4/30/2020,8/13/2020,3/24/2020,0,5/5/2020,3/24/2020,0,5/4/2020,1,7/7/2020,0,0,0,1,5/4/2020,0,0,1,3/18/2020,3/18/2020,1,3/19/2020,5/4/2020,1,3/19/2020,5/18/2020,3/24/2020,6/5/2020,3/18/2020,5/26/2020,5/4/2020,0,5/21/2020,0,7/14/2020,0,0,0,0,0,0,0,0,0,0,0,0,3/31/2020,0,5/21/2020,2/17/2021,1A,1A,1C,1C,1A,1B,1B,1B,1B,2,2,1B,1B,2,1D,1D,1D,1D,1D,1D,2,2,1,0,0,0,0,0,3/23/2020,5/18/2020,0,0,0,0,0,0,0,0,3/23/2020,5/18/2020,0,0,0,0,0,0,0,0,0,0,0,0,0,0,0,0,0,0,0,3/27/2020,4/30/2020,2/4/2021,0,1,3/30/2020,0,0,3/16/2020,3/17/2020,0,0,0,1,0,0,1,0,0,0,0,0,3/11/2020,0,0,0,0,1,0,4/1/2020,4/27/2020,0,0,0,0,3/19/2020,0,1,1,1,0,0,0,424,1024,26,39,5/3/2020,12/12/2020,8,160,157,0,0,2200,2,1,0,28363.64,12000,1.5,7.5,$233.05 ,1,0,0,0,3/31/2020,3/31/2020,0,0,1,74.53,1805832,"24,230",1397,5.8,17.8,49,23478,127.8,1,0,0,0,0,0,2,10/28/2020,3/18/2020,6/5/2020,0,0,0,$8.75 ,$8.75 ,$8.75 ,$8.75 ,$8.75 ,$2.62 ,$8.75 ,1
Wisconsin,WI,55,3/12/2020,0,3/18/2020,0,0,0,3/25/2020,0,5/13/2020,3/25/2020,0,5/11/2020,0,8/1/2020,0,1,0,0,8/1/2020,0,0,1,3/20/2020,0,1,3/18/2020,5/13/2020,0,3/25/2020,5/13/2020,3/25/2020,5/13/2020,3/17/2020,5/13/2020,5/13/2020,5/13/2020,5/11/2020,0,0,0,0,0,0,0,0,0,0,0,0,0,0,0,0,0,3/1/2021,1A,1A,1A,1A,1A,1A,1B,1B,1B,1B,1B,1B,1B,^,1B,^,1B,1B,1B,^,^,^,0,0,0,0,0,0,3/27/2020,5/26/2020,0,0,0,0,3/27/2020,5/26/2020,0,0,0,0,0,0,3/27/2020,5/26/2020,0,0,0,0,0,0,0,0,0,0,3/22/2020,0,0,0,0,4/1/2020,4/22/2020,2/8/2021,0,1,4/20/2020,0,0,3/17/2020,3/12/2020,1,0,0,1,1,1,1,0,1,1,1,1,3/13/2020,0,0,0,1,0,0,0,0,0,0,0,0,4/21/2020,0,1,1,1,0,0,0,370,970,26,39,5/17/2020,11/7/2020,6.3,185,210,0,0,1890,2,540,0,10500,14000,0,10.7,$285.41 ,0,0,0,0,0,0,0,0,0,88.76,5813568,"65,496",4538,3.2,11,37,53684,200.2,1,1,0,1,0,0,1,10/29/2020,0,0,0,0,0,$7.25 ,$7.25 ,$7.25 ,$7.25 ,$7.25 ,$2.33 ,$7.25 ,0
Wyoming,WY,56,3/13/2020,0,3/19/2020,3/19/2020,5/1/2020,0,0,0,0,3/19/2020,12/9/2020,5/1/2020,0,0,0,0,0,0,5/1/2020,3/16/2021,0,1,3/30/2020,0,1,3/19/2020,5/15/2020,0,3/19/2020,5/1/2020,3/19/2020,5/15/2020,3/19/2020,5/15/2020,5/1/2020,5/15/2020,0,1/8/2021,0,0,0,0,0,0,0,0,0,0,0,0,0,0,4/3/2020,5/8/2020,3/2/2021,1A,1A,1A,1A,1A,1A,1A,1A,1A,1C,1C,1B,1B,1B,1B,1C,1B,1B,1B,1B,1C,2,0,0,0,0,0,0,0,0,0,0,0,0,0,0,0,0,0,0,0,0,0,0,0,0,0,0,0,0,0,0,0,0,0,0,0,0,0,4/1/2020,5/16/2020,0,0,0,3/27/2020,0,0,0,0,0,0,0,1,0,1,0,0,1,0,1,0,3/18/2020,0,0,1,0,0,0,0,0,0,0,0,1,0,0,0,0,1,0,0,0,508,1108,26,39,6/21/2020,9/19/2020,7.1,192,182,0,0,3880,2,1109,0,10500,26400,0,8.5,$422.19 ,0,0,0,0,0,0,0,0,0,5.91,577737,"97,813",548,3.9,11.1,36,5070,343.2,1,1,0,0,0,0,1,0,0,0,0,0,0,$7.25 ,$7.25 ,$7.25 ,$7.25 ,$7.25 ,$2.13 ,$7.25 ,0
,,,,,,,,,,,,,,,,,,,,,,,,,,,,,,,,,,,,,,,,,,,,,,,,,,,,,,,,,,,,,,,,,,,,,,,,,,,,,,,,,,,,,,,,,,,,,,,,,,,,,,,,,,,,,,,,,,,,,,,,,,,,,,,,,,,,,,,,,,,,,,,,,,,,,,,,,0,,,,,,,,,,,,,,,,,,,,,,,,,,,,,,,,,,,,,,,,,,,,,,,,,,,,,,,,,,,,,,,,,
,,,,,,,,,,,,,,,,,,,,,,,,,,,,,,,,,,,,,,,,,,,,,,,,,,,,,,,,,,,,,,,,Several states have not yet released COVID-19 vaccine distribution plans past the initial phase. The symbol ^ indicates that firefighters have not been designated to any given phase as of the most recent update.,Several states have not yet released COVID-19 vaccine distribution plans past the initial phase. The symbol ^ indicates that law enforcement & public safety personnel have not been designated to any given phase as of the most recent update.,Several states have not yet released COVID-19 vaccine distribution plans past the initial phase. The symbol ^ indicates that correctional staff have not been designated to any given phase as of the most recent update.,Several states have not yet released COVID-19 vaccine distribution plans past the initial phase. The symbol ^ indicates that congregate setting residents have not been designated to any given phase as of the most recent update.,Several states have not yet released COVID-19 vaccine distribution plans past the initial phase. The symbol ^ indicates that correctional staff have not been designated to any given phase as of the most recent update.,Several states have not yet released COVID-19 vaccine distribution plans past the initial phase. The symbol ^ indicates that adults ages 75+ have not been designated to any given phase as of the most recent update.,Several states have not yet released COVID-19 vaccine distribution plans past the initial phase. The symbol ^ indicates that adults ages 65+ have not been designated to any given phase as of the most recent update.,Several states have not yet released COVID-19 vaccine distribution plans past the initial phase. The symbol ^ indicates that adults w/ high-risk medical conditions have not been designated to any given phase as of the most recent update.,Several states have not yet released COVID-19 vaccine distribution plans past the initial phase. The symbol ^ indicates that pre-K-12 school employees have not been designated to any given phase as of the most recent update.,Several states have not yet released COVID-19 vaccine distribution plans past the initial phase. The symbol ^ indicates that higher education employees have not been designated to any given phase as of the most recent update.,Several states have not yet released COVID-19 vaccine distribution plans past the initial phase. The symbol ^ indicates that public transit workers have not been designated to any given phase as of the most recent update.,Several states have not yet released COVID-19 vaccine distribution plans past the initial phase. The symbol ^ indicates that food supply workers have not been designated to any given phase as of the most recent update.,Several states have not yet released COVID-19 vaccine distribution plans past the initial phase. The symbol ^ indicates that grocery store workers have not been designated to any given phase as of the most recent update.,Several states have not yet released COVID-19 vaccine distribution plans past the initial phase. The symbol ^ indicates that frontline essential workers have not been designated to any given phase as of the most recent update.,Several states have not yet released COVID-19 vaccine distribution plans past the initial phase. The symbol ^ indicates that additional essential workers have not been designated to any given phase as of the most recent update.,Several states have not yet released COVID-19 vaccine distribution plans past the initial phase. The symbol ^ indicates that the general public has not been designated to any given phase as of the most recent update.,,,,,,,,,,,,"States where courts are open and would hear eviction cases if not for other moratoria have been coded such that the reopening date reflects the date the court actually began hearing eviction cases. Includes NY, OR, VT, KS, KY, WA, LA, ME. In cases where courts are open to some types of evictions but not others (i.e. eviction non-payment of rent), courts have been coded as open.",,,,,,,,,,,,,,,,,,,,,,,,,,,,,,,,,,,,,,,,,,,,,,,,,,,,,,,,,,,,,,,,,,,,,,,,,,,,,,,,,,,,,,,,,,,,,,,,,,,,,,,,,,,,,,,,,,,,,,,,,,,,,,,
